AD.06;Sant Julià de Loria;Sant Julia de Loria
AD.05;Ordino;Ordino
AD.04;La Massana;La Massana
AD.03;Encamp;Encamp
AD.02;Canillo;Canillo
AD.07;Andorra la Vella;Andorra la Vella
AD.08;Escaldes-Engordany;Escaldes-Engordany
AE.07;Umm Al Quwain;Umm Al Quwain
AE.05;Ras Al Khaimah;Ras Al Khaimah
AE.03;Dubai;Dubai
AE.06;Sharjah;Sharjah
AE.04;Fujairah;Fujairah
AE.02;Ajman;Ajman
AE.01;Abu Dhabi;Abu Dhabi
AF.28;Zabul;Zabul
AF.27;Maidan Wardak Province;Maidan Wardak Province
AF.26;Takhar;Takhar
AF.33;Sar-e Pol Province;Sar-e Pol Province
AF.32;Samangan;Samangan
AF.40;Parwan;Parwan
AF.29;Paktika;Paktika
AF.36;Paktia;Paktia
AF.39;Oruzgan;Oruzgan
AF.19;Nimroz;Nimroz
AF.18;Nangarhar;Nangarhar
AF.17;Logar;Logar
AF.35;Laghman;Laghman
AF.24;Kunduz;Kunduz
AF.34;Kunar;Kunar
AF.14;Kapisa;Kapisa
AF.23;Kandahar;Kandahar
AF.13;Kabul;Kabul
AF.31;Jowzjan;Jowzjan
AF.11;Herat;Herat
AF.10;Helmand;Helmand
AF.09;Ghowr;Ghowr
AF.08;Ghazni;Ghazni
AF.07;Faryab;Faryab
AF.06;Farah;Farah
AF.05;Bamyan;Bamyan
AF.30;Balkh;Balkh
AF.03;Baghlan;Baghlan
AF.02;Badghis;Badghis
AF.01;Badakhshan;Badakhshan
AF.37;Khowst;Khowst
AF.38;Nuristan;Nuristan
AF.41;Daykundi;Daykundi
AF.42;Panjshir;Panjshir
AG.08;Saint Philip Parish;Saint Philip Parish
AG.07;Saint Peter Parish;Saint Peter Parish
AG.06;Saint Paul Parish;Saint Paul Parish
AG.05;Saint Mary Parish;Saint Mary Parish
AG.04;Saint John Parish;Saint John Parish
AG.03;Saint George Parish;Saint George Parish
AG.09;Redonda;Redonda
AG.01;Barbuda;Barbuda
AI.11205389;Blowing Point;Blowing Point
AI.11205392;Sandy Ground;Sandy Ground
AI.11205393;Sandy Hill;Sandy Hill
AI.11205396;The Valley;The Valley
AI.11205433;East End;East End
AI.11205436;North Hill;North Hill
AI.11205437;West End;West End
AI.11205438;South Hill;South Hill
AI.11205439;The Quarter;The Quarter
AI.11205440;North Side;North Side
AI.11205441;Island Harbour;Island Harbour
AI.11205442;George Hill;George Hill
AI.11205443;Stoney Ground;Stoney Ground
AI.11205444;The Farrington;The Farrington
AL.40;Berat County;Berat County
AL.41;Dibër County;Diber County
AL.43;Elbasan County;Elbasan County
AL.45;Gjirokastër County;Gjirokaster County
AL.46;Korçë County;Korce County
AL.47;Kukës County;Kukes County
AL.42;Durrës County;Durres County
AL.44;Fier County;Fier County
AL.48;Lezhë County;Lezhe County
AL.49;Shkodër County;Shkoder County
AL.50;Tirana;Tirana
AL.51;Vlorë County;Vlore County
AM.02;Ararat;Ararat
AM.08;Syunik;Syunik
AM.10;Vayots Dzor;Vayots Dzor
AM.11;Yerevan;Yerevan
AM.01;Aragatsotn;Aragatsotn
AM.03;Armavir;Armavir
AM.04;Gegharkunik;Gegharkunik
AM.05;Kotayk;Kotayk
AM.06;Lori;Lori
AM.07;Shirak;Shirak
AM.09;Tavush;Tavush
AO.18;Lunda Sul;Lunda Sul
AO.17;Luanda Norte;Luanda Norte
AO.14;Moxico;Moxico
AO.16;Zaire;Zaire
AO.15;Uíge;Uige
AO.12;Malanje;Malanje
AO.20;Luanda;Luanda
AO.05;Cuanza Norte;Cuanza Norte
AO.03;Cabinda;Cabinda
AO.19;Bengo;Bengo
AO.13;Namibe;Namibe
AO.09;Huíla;Huila
AO.08;Huambo;Huambo
AO.07;Cunene;Cunene
AO.06;Kwanza Sul;Kwanza Sul
AO.02;Bíe;Bie
AO.01;Benguela;Benguela
AO.CBG;Cubango;Cubango
AO.ICB;Icolo e Bengo Province;Icolo e Bengo Province
AO.MLE;Moxico Leste Province;Moxico Leste Province
AO.CUB;Cuando Province;Cuando Province
AR.14;Misiones;Misiones
AR.09;Formosa;Formosa
AR.07;Buenos Aires F.D.;Buenos Aires F.D.
AR.08;Entre Rios;Entre Rios
AR.06;Corrientes;Corrientes
AR.01;Buenos Aires;Buenos Aires
AR.24;Tucuman;Tucuman
AR.23;Tierra del Fuego;Tierra del Fuego
AR.22;Santiago del Estero;Santiago del Estero
AR.21;Santa Fe;Santa Fe
AR.20;Santa Cruz;Santa Cruz
AR.19;San Luis;San Luis
AR.18;San Juan;San Juan
AR.17;Salta;Salta
AR.16;Rio Negro;Rio Negro
AR.15;Neuquen;Neuquen
AR.13;Mendoza;Mendoza
AR.12;La Rioja;La Rioja
AR.11;La Pampa;La Pampa
AR.10;Jujuy;Jujuy
AR.05;Cordoba;Cordoba
AR.04;Chubut;Chubut
AR.03;Chaco;Chaco
AR.02;Catamarca;Catamarca
AS.050;Western District;Western District
AS.040;Swains Island;Swains Island
AS.010;Eastern District;Eastern District
AS.020;Manu'a;Manu'a
AS.030;Rose Island;Rose Island
AT.09;State of Vienna;State of Vienna
AT.08;Vorarlberg;Vorarlberg
AT.07;Tyrol;Tyrol
AT.06;Styria;Styria
AT.05;State of Salzburg;State of Salzburg
AT.04;Upper Austria;Upper Austria
AT.03;Lower Austria;Lower Austria
AT.02;Carinthia;Carinthia
AT.01;Burgenland;Burgenland
AU.08;Western Australia;Western Australia
AU.05;South Australia;South Australia
AU.03;Northern Territory;Northern Territory
AU.07;Victoria;Victoria
AU.06;Tasmania;Tasmania
AU.04;Queensland;Queensland
AU.02;New South Wales;New South Wales
AU.01;Australian Capital Territory;Australian Capital Territory
AX.211;Mariehamn;Mariehamn
AX.212;Ålands landsbygd;Alands landsbygd
AX.213;Ålands skärgård;Alands skaergard
AZ.12;Beyləqan;Beylaqan
AZ.69;Zangilan District;Zangilan District
AZ.66;Yardimli District;Yardimli District
AZ.55;Shusha;Shusha
AZ.49;Salyan District;Salyan District
AZ.46;Sabirabad District;Sabirabad District
AZ.45;Saatlı;Saatli
AZ.13;Bilasuvar District;Bilasuvar District
AZ.36;Neftçala;Neftcala
AZ.35;Nakhchivan;Nakhchivan
AZ.32;Masally;Masally
AZ.31;Lerik District;Lerik District
AZ.29;Lənkəran;Lankaran
AZ.28;Lachin Rayon;Lachin Rayon
AZ.43;Qubadlı;Qubadli
AZ.24;İmişli;Imisli
AZ.18;Fuzuli District;Fuzuli District
AZ.14;Jabrayil;Jabrayil
AZ.15;Jalilabad;Jalilabad
AZ.08;Astara;Astara
AZ.64;Khojaly;Khojaly
AZ.02;Ağcabǝdi;Aghjabadi Rayon
AZ.03;Ağdam;Agdam
AZ.07;Shirvan;Shirvan
AZ.30;Lankaran Sahari;Lankaran Sahari
AZ.56;Shusha City;Shusha City
AZ.57;Tartar District;Tartar District
AZ.61;Xankǝndi;Xankandi Sahari
AZ.65;Khojavend;Khojavend
AZ.71;Zardab;Zardab
AZ.70;Zaqatala District;Zaqatala District
AZ.67;Yevlax;Yevlax
AZ.37;Oğuz;Oguz
AZ.59;Ucar;Ucar
AZ.58;Tovuz District;Tovuz District
AZ.50;Şamaxı;Samaxi
AZ.47;Shaki;Shaki
AZ.51;Şǝmkir;Shamkir Rayon
AZ.27;Kurdamir District;Kurdamir District
AZ.38;Qabala District;Qabala District
AZ.44;Qusar District;Qusar District
AZ.42;Quba;Quba
AZ.62;Goygol Rayon;Goygol Rayon
AZ.60;Xaçmaz;Xacmaz
AZ.26;Kalbajar;Kalbajar
AZ.40;Qazax;Qazax
AZ.21;Goranboy District;Goranboy District
AZ.39;Qax;Qax
AZ.25;Ismayilli District;Ismayilli District
AZ.22;Göyçay;Goeycay
AZ.17;Shabran;Shabran
AZ.16;Daşkǝsǝn;Dashkasan Rayon
AZ.10;Balakan District;Balakan District
AZ.11;Barda;Barda
AZ.09;Baki;Baki
AZ.01;Abşeron;Abseron
AZ.06;Agsu District;Agsu District
AZ.04;Ağdaş;Agdas
AZ.19;Gadabay District;Gadabay District
AZ.05;Ağstafa;Agstafa
AZ.20;Gǝncǝ;Ganja City
AZ.33;Mingacevir City;Mingacevir City
AZ.34;Naftalan;Naftalan
AZ.41;Qobustan;Qobustan
AZ.52;Samux;Samux
AZ.48;Shaki City;Shaki City
AZ.53;Siyǝzǝn;Siazan Rayon
AZ.54;Sumqayit;Sumqayit
AZ.63;Xızı;Xizi
AZ.68;Yevlax City;Yevlax City
AZ.23;Hacıqabul;Haciqabul
BA.01;Federation of B&H;Federation of B&H
BA.02;Srpska;Srpska
BA.BRC;Brčko;Brcko
BB.11;Saint Thomas;Saint Thomas
BB.10;Saint Philip;Saint Philip
BB.09;Saint Peter;Saint Peter
BB.08;Saint Michael;Saint Michael
BB.07;Saint Lucy;Saint Lucy
BB.06;Saint Joseph;Saint Joseph
BB.05;Saint John;Saint John
BB.04;Saint James;Saint James
BB.03;Saint George;Saint George
BB.02;Saint Andrew;Saint Andrew
BB.01;Christ Church;Christ Church
BD.83;Rajshahi Division;Rajshahi Division
BD.81;Dhaka Division;Dhaka Division
BD.84;Chittagong;Chittagong
BD.82;Khulna Division;Khulna Division
BD.85;Barisal Division;Barisal Division
BD.86;Sylhet Division;Sylhet Division
BD.87;Rangpur Division;Rangpur Division
BD.H;Mymensingh Division;Mymensingh Division
BE.BRU;Brussels Capital;Brussels Capital
BE.WAL;Wallonia;Wallonia
BE.VLG;Flanders;Flanders
BF.01;Boucle du Mouhoun;Boucle du Mouhoun
BF.02;Cascades Region;Cascades Region
BF.03;Centre;Centre
BF.04;Centre-Est;Centre-Est
BF.05;Centre-Nord;Centre-Nord
BF.06;Centre-Ouest;Centre-Ouest
BF.07;Centre-Sud;Centre-Sud
BF.08;Est;Est
BF.09;Hauts-Bassins;Hauts-Bassins
BF.10;Nord;Nord
BF.11;Plateau-Central;Plateau-Central
BF.12;Sahel;Sahel
BF.13;Sud-Ouest;Sud-Ouest
BG.52;Razgrad;Razgrad
BG.47;Montana;Montana
BG.64;Vratsa;Vratsa
BG.61;Varna;Varna
BG.40;Dobrich;Dobrich
BG.58;Sofia;Sofia
BG.53;Ruse;Ruse
BG.51;Plovdiv;Plovdiv
BG.50;Pleven;Pleven
BG.49;Pernik;Pernik
BG.48;Pazardzhik;Pazardzhik
BG.46;Lovech;Lovech
BG.43;Haskovo;Haskovo
BG.42;Sofia-Capital;Sofia-Capital
BG.39;Burgas;Burgas
BG.38;Blagoevgrad;Blagoevgrad
BG.41;Gabrovo;Gabrovo
BG.44;Kardzhali;Kardzhali
BG.45;Kyustendil;Kyustendil
BG.54;Shumen;Shumen
BG.55;Silistra;Silistra
BG.56;Sliven;Sliven
BG.57;Smolyan;Smolyan
BG.59;Stara Zagora;Stara Zagora
BG.60;Targovishte;Targovishte
BG.62;Veliko Tarnovo;Veliko Tarnovo
BG.63;Vidin;Vidin
BG.65;Yambol;Yambol
BH.15;Muharraq;Muharraq
BH.16;Manama;Manama
BH.17;Southern Governorate;Southern Governorate
BH.19;Northern;Northern
BI.17;Makamba;Makamba
BI.10;Bururi;Bururi
BI.22;Muramvya;Muramvya
BI.13;Gitega;Gitega
BI.21;Ruyigi;Ruyigi
BI.11;Cankuzo;Cankuzo
BI.09;Bubanza;Bubanza
BI.12;Cibitoke;Cibitoke
BI.19;Ngozi;Ngozi
BI.15;Kayanza;Kayanza
BI.18;Muyinga;Muyinga
BI.16;Kirundo;Kirundo
BI.20;Rutana;Rutana
BI.24;Bujumbura Mairie;Bujumbura Mairie
BI.25;Bujumbura Rural;Bujumbura Rural
BI.26;Rumonge;Rumonge
BJ.18;Zou;Zou
BJ.16;Ouémé;Oueme
BJ.15;Mono;Mono
BJ.10;Borgou;Borgou
BJ.09;Atlantique;Atlantique
BJ.08;Atakora;Atakora
BJ.07;Alibori;Alibori
BJ.11;Collines;Collines
BJ.12;Kouffo;Kouffo
BJ.13;Donga;Donga
BJ.14;Littoral;Littoral
BJ.17;Plateau;Plateau
BM.11;Warwick;Warwick
BM.10;Southampton;Southampton
BM.09;Smithʼs;Smith's Parish
BM.08;Sandys;Sandys
BM.07;Saint Georgeʼs;Saint George's Parish
BM.06;Saint George;Saint George
BM.05;Pembroke;Pembroke
BM.04;Paget;Paget
BM.02;Hamilton;Hamilton
BM.03;Hamilton city;Hamilton city
BM.01;Devonshire;Devonshire
BN.04;Tutong;Tutong
BN.03;Temburong;Temburong
BN.02;Brunei-Muara District;Brunei-Muara District
BN.01;Belait;Belait
BO.09;Tarija Department;Tarija Department
BO.08;Santa Cruz Department;Santa Cruz Department
BO.07;Potosí Department;Potosi Department
BO.06;Pando;Pando
BO.05;Oruro;Oruro
BO.04;La Paz Department;La Paz Department
BO.02;Cochabamba;Cochabamba
BO.01;Chuquisaca Department;Chuquisaca Department
BO.03;Beni Department;Beni Department
BQ.BO;Bonaire;Bonaire
BQ.SB;Saba;Saba
BQ.SE;Sint Eustatius;Sint Eustatius
BR.22;Rio Grande do Norte;Rio Grande do Norte
BR.20;Piauí;Piaui
BR.30;Pernambuco;Pernambuco
BR.17;Paraíba;Paraiba
BR.16;Pará;Para
BR.13;Maranhão;Maranhao
BR.06;Ceará;Ceara
BR.03;Amapá;Amapa
BR.02;Alagoas;Alagoas
BR.28;Sergipe;Sergipe
BR.27;São Paulo;Sao Paulo
BR.26;Santa Catarina;Santa Catarina
BR.23;Rio Grande do Sul;Rio Grande do Sul
BR.21;Rio de Janeiro;Rio de Janeiro
BR.18;Paraná;Parana
BR.15;Minas Gerais;Minas Gerais
BR.11;Mato Grosso do Sul;Mato Grosso do Sul
BR.14;Mato Grosso;Mato Grosso
BR.29;Goiás;Goias
BR.07;Federal District;Federal District
BR.08;Espírito Santo;Espirito Santo
BR.05;Bahia;Bahia
BR.31;Tocantins;Tocantins
BR.25;Roraima;Roraima
BR.04;Amazonas;Amazonas
BR.01;Acre;Acre
BR.24;Rondônia;Rondonia
BS.35;San Salvador;San Salvador
BS.18;Ragged Island;Ragged Island
BS.32;Berry Islands;Berry Islands
BS.23;New Providence;New Providence
BS.16;Mayaguana;Mayaguana
BS.15;Long Island;Long Island
BS.13;Inagua;Inagua
BS.22;Harbour Island;Harbour Island
BS.25;Freeport;Freeport
BS.10;Exuma;Exuma
BS.06;Cat Island;Cat Island
BS.05;Bimini;Bimini
BS.24;Acklins;Acklins
BS.36;Black Point;Black Point
BS.37;Central Abaco;Central Abaco
BS.38;Central Andros;Central Andros
BS.39;Central Eleuthera;Central Eleuthera
BS.40;Crooked Island and Long Cay;Crooked Island and Long Cay
BS.41;East Grand Bahama;East Grand Bahama
BS.42;Grand Cay;Grand Cay
BS.43;Hope Town;Hope Town
BS.44;Mangrove Cay;Mangrove Cay
BS.45;Moore’s Island;Moore's Island
BS.46;North Abaco;North Abaco
BS.47;North Andros;North Andros
BS.48;North Eleuthera;North Eleuthera
BS.49;Rum Cay;Rum Cay
BS.50;South Abaco;South Abaco
BS.51;South Andros;South Andros
BS.52;South Eleuthera;South Eleuthera
BS.53;Spanish Wells;Spanish Wells
BS.54;West Grand Bahama;West Grand Bahama
BT.05;Bumthang District;Bumthang District
BT.06;Chukha;Chukha
BT.08;Dagana;Dagana
BT.07;Tsirang District;Tsirang District
BT.09;Sarpang District;Sarpang District
BT.10;Haa;Haa
BT.11;Lhuntse;Lhuntse
BT.12;Mongar;Mongar
BT.13;Paro;Paro
BT.14;Pemagatshel;Pemagatshel
BT.15;Punakha;Punakha
BT.16;Samtse District;Samtse District
BT.17;Samdrup Jongkhar;Samdrup Jongkhar
BT.18;Zhemgang District;Zhemgang District
BT.19;Trashigang District;Trashigang District
BT.20;Thimphu District;Thimphu District
BT.21;Tongsa;Tongsa
BT.22;Wangdi Phodrang;Wangdi Phodrang
BT.23;Gasa;Gasa
BT.24;Trashi Yangste;Trashi Yangste
BW.10;Ngwaketsi;Ngwaketsi
BW.09;South-East;South-East
BW.08;North-East;North-East
BW.11;North-West;North-West
BW.06;Kweneng;Kweneng
BW.05;Kgatleng;Kgatleng
BW.04;Kgalagadi;Kgalagadi
BW.03;Ghanzi;Ghanzi
BW.12;Chobe;Chobe
BW.01;Central;Central
BW.13;City of Francistown;City of Francistown
BW.14;Gaborone;Gaborone
BW.15;Jwaneng;Jwaneng
BW.16;Lobatse;Lobatse
BW.17;Selibe Phikwe;Selibe Phikwe
BW.18;Sowa Town;Sowa Town
BY.07;Vitebsk;Vitebsk
BY.06;Mogilev;Mogilev
BY.05;Minsk;Minsk
BY.04;Minsk City;Minsk City
BY.03;Grodnenskaya;Grodnenskaya
BY.02;Homyel’ Voblasc’;Homyel' Voblasc'
BY.01;Brest;Brest
BZ.06;Toledo District;Toledo District
BZ.05;Southern District;Southern District
BZ.04;Orange Walk District;Orange Walk District
BZ.03;Corozal District;Corozal District
BZ.02;Cayo District;Cayo District
BZ.01;Belize District;Belize District
CA.01;Alberta;Alberta
CA.02;British Columbia;British Columbia
CA.03;Manitoba;Manitoba
CA.04;New Brunswick;New Brunswick
CA.13;Northwest Territories;Northwest Territories
CA.07;Nova Scotia;Nova Scotia
CA.14;Nunavut;Nunavut
CA.08;Ontario;Ontario
CA.09;Prince Edward Island;Prince Edward Island
CA.10;Quebec;Quebec
CA.11;Saskatchewan;Saskatchewan
CA.12;Yukon;Yukon
CA.05;Newfoundland and Labrador;Newfoundland and Labrador
CD.31;Tshuapa;Tshuapa
CD.30;Tshopo;Tshopo
CD.29;Tanganyika;Tanganyika
CD.12;South Kivu;South Kivu
CD.27;Sankuru;Sankuru
CD.11;North Kivu;North Kivu
CD.25;Mongala;Mongala
CD.10;Maniema;Maniema
CD.23;Kasai-Central;Kasai-Central
CD.04;East Kasai;East Kasai
CD.18;Kasai;Kasai
CD.17;Ituri;Ituri
CD.16;Haut-Uele;Haut-Uele
CD.15;Haut-Lomami;Haut-Lomami
CD.02;Équateur;Equateur
CD.13;Bas-Uele;Bas-Uele
CD.22;Lualaba;Lualaba
CD.24;Mai-Ndombe;Mai-Ndombe
CD.20;Kwilu;Kwilu
CD.19;Kwango;Kwango
CD.06;Kinshasa;Kinshasa
CD.08;Bas-Congo;Bas-Congo
CD.14;Haut-Katanga;Haut-Katanga
CD.21;Lomami;Lomami
CD.26;Nord-Ubangi;Nord-Ubangi
CD.28;Sud-Ubangi;Sud-Ubangi
CF.14;Vakaga;Vakaga
CF.11;Ouaka;Ouaka
CF.08;Mbomou;Mbomou
CF.05;Haut-Mbomou;Haut-Mbomou
CF.03;Haute-Kotto;Haute-Kotto
CF.02;Basse-Kotto;Basse-Kotto
CF.01;Bamingui-Bangoran;Bamingui-Bangoran
CF.16;Sangha-Mbaéré;Sangha-Mbaere
CF.13;Ouham-Pendé;Ouham-Pende
CF.12;Ouham;Ouham
CF.17;Ombella-M'Poko;Ombella-M'Poko
CF.09;Nana-Mambéré;Nana-Mambere
CF.07;Lobaye;Lobaye
CF.06;Kémo;Kemo
CF.04;Mambéré-Kadéï;Mambere-Kadei
CF.15;Nana-Grébizi;Nana-Grebizi
CF.18;Bangui;Bangui
CF.19;Mambéré;Mambere
CF.20;Ouham-Fafa;Ouham-Fafa
CF.21;Lim-Pendé;Lim-Pende
CG.10;Sangha;Sangha
CG.11;Pool;Pool
CG.08;Plateaux;Plateaux
CG.07;Niari;Niari
CG.06;Likouala;Likouala
CG.05;Lékoumou;Lekoumou
CG.04;Kouilou;Kouilou
CG.13;Cuvette;Cuvette
CG.01;Bouenza;Bouenza
CG.12;Brazzaville;Brazzaville
CG.14;Cuvette-Ouest;Cuvette-Ouest
CG.15;Pointe-Noire;Pointe-Noire
CH.ZH;Zurich;Zurich
CH.ZG;Zug;Zug
CH.VD;Vaud;Vaud
CH.VS;Valais;Valais
CH.UR;Uri;Uri
CH.TI;Ticino;Ticino
CH.TG;Thurgau;Thurgau
CH.SO;Solothurn;Solothurn
CH.SZ;Schwyz;Schwyz
CH.SH;Schaffhausen;Schaffhausen
CH.SG;Saint Gallen;Saint Gallen
CH.OW;Obwalden;Obwalden
CH.NW;Nidwalden;Nidwalden
CH.NE;Neuchâtel;Neuchatel
CH.LU;Lucerne;Lucerne
CH.JU;Jura;Jura
CH.GR;Grisons;Grisons
CH.GL;Glarus;Glarus
CH.GE;Geneva;Geneva
CH.FR;Fribourg;Fribourg
CH.BE;Bern;Bern
CH.BS;Basel-City;Basel-City
CH.BL;Basel-Landschaft;Basel-Landschaft
CH.AR;Appenzell Ausserrhoden;Appenzell Ausserrhoden
CH.AI;Appenzell Innerrhoden;Appenzell Innerrhoden
CH.AG;Aargau;Aargau
CI.98;Yamoussoukro;Yamoussoukro
CI.76;Bas-Sassandra District;Bas-Sassandra District
CI.94;Comoé District;Comoe District
CI.77;Denguélé District;Denguele District
CI.95;Goh-Djiboua;Goh-Djiboua
CI.81;Lacs District;Lacs District
CI.82;Lagunes District;Lagunes District
CI.78;Montagnes;Montagnes
CI.96;Sassandra-Marahoue;Sassandra-Marahoue
CI.87;Savanes District;Savanes District
CI.90;Vallée du Bandama District;Vallee du Bandama District
CI.97;Woroba;Woroba
CI.92;Zanzan District;Zanzan District
CI.93;Abidjan Autonomous District;Abidjan Autonomous District
CK.11695124;Aitutaki;Aitutaki
CK.11695126;Atiu;Atiu
CK.11695127;Mangaia;Mangaia
CK.11695384;Manihiki;Manihiki
CK.11695385;Ma'uke;Ma'uke
CK.11695386;Mitiaro;Mitiaro
CK.11695387;Palmerston;Palmerston
CK.11695388;Penrhyn;Penrhyn
CK.11695389;Pukapuka;Pukapuka
CK.11695390;Rakahanga;Rakahanga
CK.11695425;Rarotonga;Rarotonga
CL.01;Valparaiso;Valparaiso
CL.15;Tarapacá;Tarapaca
CL.12;Santiago Metropolitan;Santiago Metropolitan
CL.11;Maule Region;Maule Region
CL.14;Los Lagos Region;Los Lagos Region
CL.08;O'Higgins Region;O'Higgins Region
CL.07;Coquimbo Region;Coquimbo Region
CL.06;Biobio;Biobio
CL.05;Atacama;Atacama
CL.04;Araucania;Araucania
CL.03;Antofagasta;Antofagasta
CL.02;Aysén;Aysen
CL.10;Region of Magallanes;Region of Magallanes
CL.16;Arica y Parinacota Region;Arica y Parinacota Region
CL.17;Los Ríos Region;Los Rios Region
CL.18;Ñuble;Nuble
CM.09;South-West;South-West
CM.14;South;South
CM.08;West;West
CM.07;North-West;North-West
CM.13;North;North
CM.05;Littoral;Littoral
CM.12;Far North;Far North
CM.04;East;East
CM.11;Centre;Centre
CM.10;Adamaoua;Adamaoua
CN.14;Tibet;Tibet
CN.06;Qinghai;Qinghai
CN.13;Xinjiang;Xinjiang
CN.02;Zhejiang;Zhejiang
CN.29;Yunnan;Yunnan
CN.28;Tianjin;Tianjin
CN.32;Sichuan;Sichuan
CN.24;Shanxi;Shanxi
CN.23;Shanghai;Shanghai
CN.25;Shandong;Shandong
CN.26;Shaanxi;Shaanxi
CN.21;Ningxia;Ningxia
CN.03;Jiangxi;Jiangxi
CN.04;Jiangsu;Jiangsu
CN.11;Hunan;Hunan
CN.12;Hubei;Hubei
CN.09;Henan;Henan
CN.10;Hebei;Hebei
CN.31;Hainan;Hainan
CN.18;Guizhou;Guizhou
CN.16;Guangxi;Guangxi
CN.30;Guangdong;Guangdong
CN.15;Gansu;Gansu
CN.07;Fujian;Fujian
CN.33;Chongqing;Chongqing
CN.01;Anhui;Anhui
CN.20;Inner Mongolia;Inner Mongolia
CN.19;Liaoning;Liaoning
CN.05;Jilin;Jilin
CN.08;Heilongjiang;Heilongjiang
CN.22;Beijing;Beijing
CO.31;Vichada Department;Vichada Department
CO.30;Vaupés;Vaupes
CO.29;Valle del Cauca Department;Valle del Cauca Department
CO.28;Tolima Department;Tolima Department
CO.27;Sucre Department;Sucre Department
CO.26;Santander Department;Santander Department
CO.25;San Andres y Providencia;San Andres y Providencia
CO.24;Risaralda Department;Risaralda Department
CO.23;Quindío Department;Quindio Department
CO.22;Putumayo Department;Putumayo Department
CO.21;Norte de Santander Department;Norte de Santander Department
CO.20;Nariño;Narino
CO.19;Meta Department;Meta Department
CO.38;Magdalena Department;Magdalena Department
CO.17;La Guajira Department;La Guajira Department
CO.16;Huila Department;Huila Department
CO.14;Guaviare Department;Guaviare Department
CO.15;Guainía Department;Guainia Department
CO.33;Cundinamarca;Cundinamarca
CO.12;Córdoba;Cordoba
CO.11;Chocó;Choco
CO.10;Cesar Department;Cesar Department
CO.09;Cauca Department;Cauca Department
CO.32;Casanare Department;Casanare Department
CO.08;Caquetá;Caqueta
CO.37;Caldas Department;Caldas Department
CO.36;Boyacá;Boyaca
CO.35;Bolívar;Bolivar
CO.34;Bogota D.C.;Bogota D.C.
CO.04;Atlántico;Atlantico
CO.03;Arauca Department;Arauca Department
CO.02;Antioquia;Antioquia
CO.01;Amazonas Department;Amazonas Department
CR.08;San José;San Jose
CR.07;Puntarenas Province;Puntarenas Province
CR.06;Limón Province;Limon Province
CR.04;Heredia Province;Heredia Province
CR.03;Guanacaste Province;Guanacaste Province
CR.02;Cartago Province;Cartago Province
CR.01;Alajuela Province;Alajuela Province
CU.16;Villa Clara Province;Villa Clara Province
CU.15;Santiago de Cuba Province;Santiago de Cuba Province
CU.14;Sancti Spíritus Province;Sancti Spiritus Province
CU.01;Pinar del Río;Pinar del Rio
CU.03;Matanzas Province;Matanzas Province
CU.13;Las Tunas Province;Las Tunas Province
CU.04;Isla de la Juventud;Isla de la Juventud
CU.12;Holguín Province;Holguin Province
CU.10;Guantánamo Province;Guantanamo Province
CU.09;Granma Province;Granma Province
CU.02;Havana;Havana
CU.08;Cienfuegos Province;Cienfuegos Province
CU.07;Ciego de Ávila Province;Ciego de Avila Province
CU.05;Camagüey;Camaguey
CU.AR;Artemisa;Artemisa
CU.MA;Mayabeque;Mayabeque
CV.20;Tarrafal;Tarrafal
CV.11;São Vicente;Sao Vicente
CV.15;Santa Catarina;Santa Catarina
CV.08;Sal;Sal
CV.07;Ribeira Grande;Ribeira Grande
CV.14;Praia;Praia
CV.05;Paul;Paul
CV.04;Maio;Maio
CV.02;Brava;Brava
CV.01;Boa Vista;Boa Vista
CV.13;Mosteiros;Mosteiros
CV.16;Santa Cruz;Santa Cruz
CV.17;São Domingos;Sao Domingos
CV.18;São Filipe;Sao Filipe
CV.19;São Miguel;Sao Miguel
CV.21;Porto Novo;Porto Novo
CV.22;Ribeira Brava;Ribeira Brava
CV.24;Santa Catarina do Fogo;Santa Catarina do Fogo
CV.26;São Salvador do Mundo;Sao Salvador do Mundo
CV.27;Tarrafal de São Nicolau;Tarrafal de Sao Nicolau
CV.25;São Lourenço dos Órgãos;Sao Lourenco dos Orgaos
CV.23;Ribeira Grande de Santiago;Ribeira Grande de Santiago
CY.06;Pafos;Pafos
CY.04;Nicosia;Nicosia
CY.05;Limassol;Limassol
CY.03;Larnaka;Larnaka
CY.02;Keryneia;Keryneia
CY.01;Ammochostos;Ammochostos
CZ.52;Prague;Prague
CZ.78;South Moravian;South Moravian
CZ.79;South Bohemian Region;South Bohemian Region
CZ.80;Vysocina;Vysocina
CZ.81;Carlsbad Region;Carlsbad Region
CZ.82;Hradec Králové Region;Hradec Kralove Region
CZ.83;Liberec Region;Liberec Region
CZ.84;Olomouc Region;Olomouc Region
CZ.85;Moravian-Silesian Region;Moravian-Silesian Region
CZ.86;Pardubice Region;Pardubice Region
CZ.87;Plzeň Region;Plzen Region
CZ.88;Central Bohemia;Central Bohemia
CZ.89;Ústí nad Labem Region;Usti nad Labem Region
CZ.90;Zlín;Zlin
DE.15;Thuringia;Thuringia
DE.10;Schleswig-Holstein;Schleswig-Holstein
DE.14;Saxony-Anhalt;Saxony-Anhalt
DE.13;Saxony;Saxony
DE.09;Saarland;Saarland
DE.08;Rheinland-Pfalz;Rheinland-Pfalz
DE.07;North Rhine-Westphalia;North Rhine-Westphalia
DE.06;Lower Saxony;Lower Saxony
DE.12;Mecklenburg-Vorpommern;Mecklenburg-Vorpommern
DE.05;Hesse;Hesse
DE.04;Hamburg;Hamburg
DE.03;Bremen;Bremen
DE.11;Brandenburg;Brandenburg
DE.16;State of Berlin;State of Berlin
DE.02;Bavaria;Bavaria
DE.01;Baden-Wurttemberg;Baden-Wurttemberg
DJ.05;Tadjourah;Tadjourah
DJ.04;Obock;Obock
DJ.07;Djibouti;Djibouti
DJ.06;Dikhil;Dikhil
DJ.01;Ali Sabieh;Ali Sabieh
DJ.08;Arta;Arta
DK.17;Capital Region;Capital Region
DK.18;Central Jutland;Central Jutland
DK.19;North Denmark;North Denmark
DK.20;Zealand;Zealand
DK.21;South Denmark;South Denmark
DM.11;Saint Peter Parish;Saint Peter Parish
DM.10;Saint Paul Parish;Saint Paul Parish
DM.09;Saint Patrick Parish;Saint Patrick Parish
DM.08;Saint Mark Parish;Saint Mark Parish
DM.07;Saint Luke Parish;Saint Luke Parish
DM.06;Saint Joseph Parish;Saint Joseph Parish
DM.05;Saint John Parish;Saint John Parish
DM.04;Saint George Parish;Saint George Parish
DM.03;Saint David Parish;Saint David Parish
DM.02;Saint Andrew Parish;Saint Andrew Parish
DO.27;Valverde Province;Valverde Province
DO.26;Santiago Rodríguez;Santiago Rodriguez
DO.25;Santiago Province;Santiago Province
DO.24;San Pedro de Macorís;San Pedro de Macoris
DO.23;San Juan Province;San Juan Province
DO.33;San Cristóbal;San Cristobal
DO.21;Sánchez Ramírez;Sanchez Ramirez
DO.20;Samaná;Samana
DO.19;Hermanas Mirabal;Hermanas Mirabal
DO.18;Puerto Plata;Puerto Plata
DO.35;Peravia;Peravia
DO.16;Pedernales Province;Pedernales Province
DO.34;Nacional;Nacional
DO.32;Monte Plata Province;Monte Plata Province
DO.15;Monte Cristi Province;Monte Cristi Province
DO.31;Monseñor Nouel;Monsenor Nouel
DO.14;María Trinidad Sánchez;Maria Trinidad Sanchez
DO.30;La Vega;La Vega
DO.12;La Romana;La Romana
DO.10;La Altagracia Province;La Altagracia Province
DO.09;Independencia;Independencia
DO.29;Hato Mayor Province;Hato Mayor Province
DO.08;Espaillat Province;Espaillat Province
DO.28;El Seíbo;El Seibo
DO.11;Elías Piña;Elias Pina
DO.06;Duarte Province;Duarte Province
DO.04;Dajabón;Dajabon
DO.03;Barahona Province;Barahona Province
DO.02;Baoruco Province;Baoruco Province
DO.01;Azua Province;Azua Province
DO.36;San José de Ocoa;San Jose de Ocoa
DO.37;Santo Domingo Province;Santo Domingo Province
DZ.15;Tlemcen;Tlemcen
DZ.14;Tizi Ouzou;Tizi Ouzou
DZ.56;Tissemsilt;Tissemsilt
DZ.55;Tipaza;Tipaza
DZ.54;Tindouf;Tindouf
DZ.13;Tiaret;Tiaret
DZ.33;Tébessa;Tebessa
DZ.53;Tamanrasset;Tamanrasset
DZ.52;Souk Ahras;Souk Ahras
DZ.31;Skikda;Skikda
DZ.30;Sidi Bel Abbès;Sidi Bel Abbes
DZ.12;Sétif;Setif
DZ.10;Saida;Saida
DZ.51;Relizane;Relizane
DZ.29;Oum el Bouaghi;Oum el Bouaghi
DZ.50;Ouargla;Ouargla
DZ.09;Oran;Oran
DZ.49;Naama;Naama
DZ.27;M'Sila;M'Sila
DZ.07;Mostaganem;Mostaganem
DZ.48;Mila;Mila
DZ.06;Medea;Medea
DZ.26;Mascara;Mascara
DZ.25;Laghouat;Laghouat
DZ.47;Khenchela;Khenchela
DZ.24;Jijel;Jijel
DZ.46;Illizi;Illizi
DZ.23;Guelma;Guelma
DZ.45;Ghardaia;Ghardaia
DZ.44;El Tarf;El Tarf
DZ.43;El Oued;El Oued
DZ.42;El Bayadh;El Bayadh
DZ.22;Djelfa;Djelfa
DZ.04;Constantine;Constantine
DZ.41;Chlef;Chlef
DZ.40;Boumerdes;Boumerdes
DZ.21;Bouira;Bouira
DZ.39;Bordj Bou Arréridj;Bordj Bou Arreridj
DZ.20;Blida;Blida
DZ.19;Biskra;Biskra
DZ.18;Béjaïa;Bejaia
DZ.38;Béchar;Bechar
DZ.03;Batna;Batna
DZ.37;Annaba;Annaba
DZ.01;Algiers;Algiers
DZ.36;Aïn Témouchent;Ain Temouchent
DZ.35;Aïn Defla;Ain Defla
DZ.34;Adrar;Adrar
DZ.BB;Bordj Badji Mokhtar;Bordj Badji Mokhtar
DZ.TM;Timimoun;Timimoun
DZ.BA;Beni Abbes;Beni Abbes
DZ.IG;In Guezzam;In Guezzam
DZ.IS;In Salah;In Salah
DZ.DJ;Djanet;Djanet
DZ.EM;El Menia;El Menia
DZ.TG;Touggourt;Touggourt
DZ.MG;El Mghair;El Mghair
DZ.OD;Ouled Djellal;Ouled Djellal
EC.20;Zamora Chinchipe;Zamora Chinchipe
EC.19;Tungurahua Province;Tungurahua Province
EC.18;Pichincha;Pichincha
EC.17;Pastaza Province;Pastaza Province
EC.23;Napo;Napo
EC.15;Morona-Santiago Province;Morona-Santiago Province
EC.14;Manabí;Manabi
EC.13;Los Ríos;Los Rios
EC.12;Loja;Loja
EC.11;Imbabura;Imbabura
EC.10;Guayas;Guayas
EC.01;Galápagos;Galapagos
EC.09;Esmeraldas;Esmeraldas
EC.08;El Oro;El Oro
EC.07;Cotopaxi;Cotopaxi
EC.06;Chimborazo Province;Chimborazo Province
EC.05;Carchi;Carchi
EC.04;Canar;Canar
EC.03;Bolívar;Bolivar
EC.02;Azuay;Azuay
EC.22;Sucumbíos;Sucumbios
EC.24;Orellana Province;Orellana Province
EC.26;Santo Domingo de los Tsáchilas;Santo Domingo de los Tsachilas
EC.25;Santa Elena;Santa Elena
EE.21;Võrumaa;Vorumaa
EE.20;Viljandimaa;Viljandimaa
EE.19;Valgamaa;Valgamaa
EE.18;Tartu;Tartu
EE.14;Saare;Saare
EE.13;Raplamaa;Raplamaa
EE.12;Põlvamaa;Polvamaa
EE.11;Pärnumaa;Paernumaa
EE.08;Lääne-Virumaa;Laeaene-Virumaa
EE.07;Lääne;Laeaene
EE.05;Jõgevamaa;Jogevamaa
EE.04;Järvamaa;Jaervamaa
EE.03;Ida-Virumaa;Ida-Virumaa
EE.02;Hiiumaa;Hiiumaa
EE.01;Harjumaa;Harjumaa
EG.24;Sohag;Sohag
EG.27;North Sinai;North Sinai
EG.23;Qena;Qena
EG.22;Matruh;Matruh
EG.21;Kafr el-Sheikh;Kafr el-Sheikh
EG.26;South Sinai;South Sinai
EG.20;Damietta;Damietta
EG.19;Port Said;Port Said
EG.18;Beni Suweif;Beni Suweif
EG.17;Asyut;Asyut
EG.16;Aswan;Aswan
EG.15;Suez;Suez
EG.14;Sharqia;Sharqia
EG.13;New Valley;New Valley
EG.12;Qalyubia;Qalyubia
EG.11;Cairo;Cairo
EG.10;Minya;Minya
EG.09;Monufia;Monufia
EG.08;Giza;Giza
EG.07;Ismailia;Ismailia
EG.06;Alexandria;Alexandria
EG.05;Gharbia;Gharbia
EG.04;Faiyum;Faiyum
EG.03;Beheira;Beheira
EG.02;Red Sea;Red Sea
EG.01;Dakahlia;Dakahlia
EG.28;Luxor;Luxor
ER.01;Anseba;Anseba
ER.02;Debub;Debub
ER.03;Southern Red Sea;Southern Red Sea
ER.04;Gash-Barka;Gash-Barka
ER.05;Maekel;Maekel
ER.06;Northern Red Sea;Northern Red Sea
ES.31;Murcia;Murcia
ES.CE;Ceuta;Ceuta
ES.07;Balearic Islands;Balearic Islands
ES.51;Andalusia;Andalusia
ES.53;Canary Islands;Canary Islands
ES.54;Castille-La Mancha;Castille-La Mancha
ES.57;Extremadura;Extremadura
ES.60;Valencia;Valencia
ES.34;Asturias;Asturias
ES.32;Navarre;Navarre
ES.29;Madrid;Madrid
ES.27;La Rioja;La Rioja
ES.39;Cantabria;Cantabria
ES.52;Aragon;Aragon
ES.55;Castille and León;Castille and Leon
ES.56;Catalonia;Catalonia
ES.58;Galicia;Galicia
ES.59;Basque Country;Basque Country
ES.ML;Melilla;Melilla
ET.44;Addis Ababa;Addis Ababa
ET.45;Āfar;Afar
ET.46;Amhara;Amhara
ET.47;Bīnshangul Gumuz;Binshangul Gumuz
ET.48;Dire Dawa;Dire Dawa
ET.49;Gambela;Gambela
ET.50;Harari;Harari
ET.51;Oromiya;Oromiya
ET.52;Somali;Somali
ET.53;Tigray;Tigray
ET.SI;Sidama Region;Sidama Region
ET.55;Central Ethiopia Regional State;Central Ethiopia Regional State
ET.56;South Ethiopia Regional State;South Ethiopia Regional State
ET.SW;South West Ethiopia Peoples' Region;South West Ethiopia Peoples' Region
FI.19;Lapland;Lapland
FI.18;Kainuu;Kainuu
FI.17;North Ostrobothnia;North Ostrobothnia
FI.16;Central Ostrobothnia;Central Ostrobothnia
FI.15;Ostrobothnia;Ostrobothnia
FI.14;South Ostrobothnia;South Ostrobothnia
FI.13;Central Finland;Central Finland
FI.12;North Karelia;North Karelia
FI.11;North Savo;North Savo
FI.10;South Savo;South Savo
FI.09;South Karelia;South Karelia
FI.08;Kymenlaakso;Kymenlaakso
FI.06;Pirkanmaa;Pirkanmaa
FI.05;Kanta-Häme;Kanta-Haeme
FI.02;Southwest Finland;Southwest Finland
FI.01;Uusimaa;Uusimaa
FI.07;Paijat-Hame;Paijat-Hame
FI.04;Satakunta;Satakunta
FJ.05;Western;Western
FJ.03;Northern;Northern
FJ.01;Central;Central
FJ.02;Eastern;Eastern
FJ.04;Rotuma;Rotuma
FM.04;Yap State;Yap State
FM.02;Pohnpei State;Pohnpei State
FM.01;Kosrae;Kosrae
FM.03;Chuuk;Chuuk
FO.VG;Vágar;Vagar
FO.SU;Suðuroy;Suduroy
FO.ST;Streymoy;Streymoy
FO.SA;Sandoy;Sandoy
FO.NO;Norðoyar;Nordoyar
FO.OS;Eysturoy;Eysturoy
FR.93;Provence-Alpes-Côte d'Azur;Provence-Alpes-Cote d'Azur
FR.52;Pays de la Loire;Pays de la Loire
FR.11;Île-de-France;Ile-de-France
FR.94;Corsica;Corsica
FR.24;Centre-Val de Loire;Centre-Val de Loire
FR.53;Brittany;Brittany
FR.27;Bourgogne;Bourgogne
FR.75;New Aquitaine;New Aquitaine
FR.28;Normandy;Normandy
FR.44;Grand Est;Grand Est
FR.76;Occitanie;Occitanie
FR.32;Hauts-de-France;Hauts-de-France
FR.84;Rhône-Alpes;Rhone-Alpes
GA.09;Woleu-Ntem;Woleu-Ntem
GA.08;Ogooué-Maritime;Ogooue-Maritime
GA.07;Ogooué-Lolo;Ogooue-Lolo
GA.06;Ogooué-Ivindo;Ogooue-Ivindo
GA.05;Nyanga;Nyanga
GA.04;Ngouni;Ngouni
GA.03;Moyen-Ogooué;Moyen-Ogooue
GA.02;Haut-Ogooué;Haut-Ogooue
GA.01;Estuaire;Estuaire
GB.WLS;Wales;Wales
GB.SCT;Scotland;Scotland
GB.NIR;Northern Ireland;Northern Ireland
GB.ENG;England;England
GD.06;Saint Patrick Parish;Saint Patrick Parish
GD.05;Saint Mark Parish;Saint Mark Parish
GD.04;Saint John Parish;Saint John Parish
GD.03;Saint George Parish;Saint George Parish
GD.02;Saint David Parish;Saint David Parish
GD.01;Saint Andrew Parish;Saint Andrew Parish
GD.10;Carriacou and Petite Martinique;Carriacou and Petite Martinique
GE.51;Tbilisi;Tbilisi
GE.04;Adjara;Adjara
GE.68;Kvemo Kartli;Kvemo Kartli
GE.67;Kakheti;Kakheti
GE.65;Guria;Guria
GE.66;Imereti;Imereti
GE.73;Shida Kartli;Shida Kartli
GE.69;Mtskheta-Mtianeti;Mtskheta-Mtianeti
GE.70;Racha-Lechkhumi and Kvemo Svaneti;Racha-Lechkhumi and Kvemo Svaneti
GE.71;Samegrelo and Zemo Svaneti;Samegrelo and Zemo Svaneti
GE.72;Samtskhe-Javakheti;Samtskhe-Javakheti
GE.02;Abkhazia;Abkhazia
GF.GF;Guyane;Guyane
GG.6417213;St Pierre du Bois;St Pierre du Bois
GG.6417214;Torteval;Torteval
GG.6417215;Saint Saviour;Saint Saviour
GG.6417223;Forest;Forest
GG.6417224;St Martin;St Martin
GG.6417226;Saint Andrew;Saint Andrew
GG.6417228;St Peter Port;St Peter Port
GG.6417229;Castel;Castel
GG.6417230;Vale;Vale
GG.6417233;St Sampson;St Sampson
GG.8989934;Alderney;Alderney
GH.09;Western;Western
GH.08;Volta;Volta
GH.11;Upper West;Upper West
GH.10;Upper East;Upper East
GH.06;Northern;Northern
GH.01;Greater Accra;Greater Accra
GH.05;Eastern;Eastern
GH.04;Central;Central
GH.02;Ashanti;Ashanti
GH.13;Bono;Bono
GH.16;Oti;Oti
GH.15;North East;North East
GH.12;Ahafo;Ahafo
GH.14;Bono East;Bono East
GH.17;Savannah;Savannah
GH.18;Western North;Western North
GL.04;Kujalleq;Kujalleq
GL.06;Qeqqata;Qeqqata
GL.07;Sermersooq;Sermersooq
GL.11839534;Qeqertalik;Qeqertalik
GL.11839537;Avannaata;Avannaata
GM.05;Western;Western
GM.04;Upper River;Upper River
GM.07;North Bank;North Bank
GM.03;Central River;Central River
GM.02;Lower River;Lower River
GM.01;Banjul;Banjul
GN.04;Conakry;Conakry
GN.B;Boké Region;Boke Region
GN.F;Faranah;Faranah
GN.K;Kankan Region;Kankan Region
GN.D;Kindia;Kindia
GN.L;Labé Region;Labe Region
GN.M;Mamou Region;Mamou Region
GN.N;Nzérékoré Region;Nzerekore Region
GP.GP;Guadeloupe;Guadeloupe
GQ.03;Annobon;Annobon
GQ.04;Bioko Norte;Bioko Norte
GQ.05;Bioko Sur;Bioko Sur
GQ.06;Centro Sur;Centro Sur
GQ.07;Kié-Ntem;Kie-Ntem
GQ.08;Litoral;Litoral
GQ.09;Wele-Nzas;Wele-Nzas
GQ.10;Djibloho;Djibloho
GR.736572;Mount Athos;Mount Athos
GR.ESYE31;Attica;Attica
GR.ESYE24;Central Greece;Central Greece
GR.ESYE12;Central Macedonia;Central Macedonia
GR.ESYE43;Crete;Crete
GR.ESYE11;East Macedonia and Thrace;East Macedonia and Thrace
GR.ESYE21;Epirus;Epirus
GR.ESYE22;Ionian Islands;Ionian Islands
GR.ESYE41;North Aegean;North Aegean
GR.ESYE25;Peloponnese;Peloponnese
GR.ESYE42;South Aegean;South Aegean
GR.ESYE14;Thessaly;Thessaly
GR.ESYE23;West Greece;West Greece
GR.ESYE13;West Macedonia;West Macedonia
GT.22;Zacapa;Zacapa
GT.21;Totonicapán;Totonicapan
GT.20;Suchitepeque;Suchitepeque
GT.19;Sololá;Solola
GT.18;Santa Rosa Department;Santa Rosa Department
GT.17;San Marcos;San Marcos
GT.16;Sacatepéquez;Sacatepequez
GT.15;Retalhuleu;Retalhuleu
GT.14;Quiché;Quiche
GT.13;Quetzaltenango;Quetzaltenango
GT.12;Petén;Peten
GT.11;Jutiapa;Jutiapa
GT.10;Jalapa;Jalapa
GT.09;Izabal Department;Izabal Department
GT.08;Huehuetenango;Huehuetenango
GT.07;Guatemala;Guatemala
GT.06;Escuintla;Escuintla
GT.05;El Progreso;El Progreso
GT.04;Chiquimula;Chiquimula
GT.03;Chimaltenango;Chimaltenango
GT.02;Baja Verapaz;Baja Verapaz
GT.01;Alta Verapaz;Alta Verapaz
GU.PI;Piti;Piti
GU.SR;Santa Rita;Santa Rita
GU.SJ;Sinajana;Sinajana
GU.TF;Talofofo;Talofofo
GU.TM;Tamuning;Tamuning
GU.UM;Umatac;Umatac
GU.YG;Yigo;Yigo
GU.YN;Yona;Yona
GU.ME;Merizo;Merizo
GU.MA;Mangilao;Mangilao
GU.AH;Agana Heights;Agana Heights
GU.CP;Chalan Pago-Ordot;Chalan Pago-Ordot
GU.AS;Asan;Asan
GU.AT;Agat;Agat
GU.DD;Dededo;Dededo
GU.BA;Barrigada;Barrigada
GU.AN;Hagatna;Hagatna
GU.IN;Inarajan;Inarajan
GU.MT;Mongmong-Toto-Maite;Mongmong-Toto-Maite
GW.07;Tombali;Tombali
GW.02;Quinara;Quinara
GW.04;Oio;Oio
GW.10;Gabú;Gabu
GW.06;Cacheu;Cacheu
GW.05;Bolama;Bolama
GW.11;Bissau;Bissau
GW.12;Biombo;Biombo
GW.01;Bafatá;Bafata
GY.19;Upper Takutu-Upper Essequibo;Upper Takutu-Upper Essequibo
GY.18;Upper Demerara-Berbice;Upper Demerara-Berbice
GY.17;Potaro-Siparuni;Potaro-Siparuni
GY.16;Pomeroon-Supenaam;Pomeroon-Supenaam
GY.15;Mahaica-Berbice;Mahaica-Berbice
GY.14;Essequibo Islands-West Demerara;Essequibo Islands-West Demerara
GY.13;East Berbice-Corentyne;East Berbice-Corentyne
GY.12;Demerara-Mahaica;Demerara-Mahaica
GY.11;Cuyuni-Mazaruni;Cuyuni-Mazaruni
GY.10;Barima-Waini;Barima-Waini
HK.NYL;Yuen Long;Yuen Long
HK.NTW;Tsuen Wan;Tsuen Wan
HK.NTP;Tai Po;Tai Po
HK.NSK;Sai Kung District;Sai Kung District
HK.NIS;Islands;Islands
HK.HCW;Central and Western;Central and Western
HK.HWC;Wan Chai;Wan Chai
HK.HEA;Eastern District;Eastern District
HK.HSO;Southern District;Southern District
HK.KYT;Yau Tsim Mong District;Yau Tsim Mong District
HK.KSS;Sham Shui Po District;Sham Shui Po District
HK.KKC;Kowloon City;Kowloon City
HK.KWT;Wong Tai Sin District;Wong Tai Sin District
HK.KKT;Kwun Tong District;Kwun Tong District
HK.NKT;Kwai Tsing District;Kwai Tsing District
HK.NTM;Tuen Mun;Tuen Mun
HK.NNO;North District;North District
HK.NST;Sha Tin;Sha Tin
HN.18;Yoro Department;Yoro Department
HN.17;Valle Department;Valle Department
HN.16;Santa Bárbara Department;Santa Barbara Department
HN.15;Olancho Department;Olancho Department
HN.14;Ocotepeque Department;Ocotepeque Department
HN.13;Lempira Department;Lempira Department
HN.12;La Paz Department;La Paz Department
HN.11;Bay Islands;Bay Islands
HN.10;Intibucá Department;Intibuca Department
HN.09;Gracias a Dios Department;Gracias a Dios Department
HN.08;Francisco Morazán Department;Francisco Morazan Department
HN.07;El Paraíso Department;El Paraiso Department
HN.06;Cortés Department;Cortes Department
HN.05;Copán Department;Copan Department
HN.04;Comayagua Department;Comayagua Department
HN.03;Colón Department;Colon Department
HN.02;Choluteca Department;Choluteca Department
HN.01;Atlántida Department;Atlantida Department
HR.01;Bjelovar-Bilogora;Bjelovar-Bilogora
HR.02;Brod-Posavina;Brod-Posavina
HR.03;Dubrovnik-Neretva;Dubrovnik-Neretva
HR.04;Istria;Istria
HR.05;Karlovac;Karlovac
HR.06;Koprivnica-Križevci;Koprivnica-Krizevci
HR.07;Krapina-Zagorje;Krapina-Zagorje
HR.08;Lika-Senj;Lika-Senj
HR.09;Međimurje;Megimurje
HR.10;County of Osijek-Baranja;County of Osijek-Baranja
HR.11;Požega-Slavonia;Pozega-Slavonia
HR.12;Primorje-Gorski Kotar;Primorje-Gorski Kotar
HR.13;Šibenik-Knin;Sibenik-Knin
HR.14;Sisak-Moslavina;Sisak-Moslavina
HR.15;Split-Dalmatia;Split-Dalmatia
HR.16;Varaždin;Varazdin
HR.18;Vukovar-Srijem;Vukovar-Srijem
HR.19;Zadar;Zadar
HR.20;Zagreb County;Zagreb County
HR.21;Zagreb;Zagreb
HR.17;Virovitica-Podravina;Virovitica-Podravina
HT.13;Sud-Est;Sud-Est
HT.12;Sud;Sud
HT.11;Ouest;Ouest
HT.03;Nord-Ouest;Nord-Ouest
HT.10;Nord-Est;Nord-Est
HT.09;Nord;Nord
HT.14;Grand'Anse;Grand'Anse
HT.07;Centre;Centre
HT.06;Artibonite;Artibonite
HT.15;Nippes;Nippes
HU.18;Szabolcs-Szatmár-Bereg;Szabolcs-Szatmar-Bereg
HU.20;Jász-Nagykun-Szolnok;Jasz-Nagykun-Szolnok
HU.11;Heves County;Heves County
HU.10;Hajdú-Bihar;Hajdu-Bihar
HU.06;Csongrád;Csongrad
HU.04;Borsod-Abaúj-Zemplén;Borsod-Abauj-Zemplen
HU.03;Bekes County;Bekes County
HU.24;Zala County;Zala County
HU.23;Veszprém;Veszprem
HU.22;Vas County;Vas County
HU.21;Tolna County;Tolna County
HU.17;Somogy County;Somogy County
HU.16;Pest County;Pest County
HU.14;Nógrád;Nograd
HU.12;Komárom-Esztergom;Komarom-Esztergom
HU.09;Győr-Moson-Sopron;Gyor-Moson-Sopron
HU.08;Fejér;Fejer
HU.05;Budapest;Budapest
HU.02;Baranya;Baranya
HU.01;Bács-Kiskun;Bacs-Kiskun
ID.26;North Sumatra;North Sumatra
ID.01;Aceh;Aceh
ID.10;Yogyakarta;Yogyakarta
ID.32;South Sumatra;South Sumatra
ID.24;West Sumatra;West Sumatra
ID.31;North Sulawesi;North Sulawesi
ID.22;Southeast Sulawesi;Southeast Sulawesi
ID.21;Central Sulawesi;Central Sulawesi
ID.38;South Sulawesi;South Sulawesi
ID.37;Riau;Riau
ID.18;East Nusa Tenggara;East Nusa Tenggara
ID.17;West Nusa Tenggara;West Nusa Tenggara
ID.28;Maluku;Maluku
ID.15;Lampung;Lampung
ID.14;East Kalimantan;East Kalimantan
ID.13;Central Kalimantan;Central Kalimantan
ID.12;South Kalimantan;South Kalimantan
ID.11;West Kalimantan;West Kalimantan
ID.08;East Java;East Java
ID.07;Central Java;Central Java
ID.30;West Java;West Java
ID.05;Jambi;Jambi
ID.04;Jakarta;Jakarta
ID.36;Papua;Papua
ID.03;Bengkulu;Bengkulu
ID.02;Bali;Bali
ID.33;Banten;Banten
ID.34;Gorontalo;Gorontalo
ID.35;Bangka–Belitung Islands;Bangka-Belitung Islands
ID.29;North Maluku;North Maluku
ID.39;West Papua;West Papua
ID.41;West Sulawesi;West Sulawesi
ID.40;Riau Islands;Riau Islands
ID.42;North Kalimantan;North Kalimantan
ID.PD;Southwest Papua;Southwest Papua
ID.PT;Central Papua;Central Papua
ID.PE;Highland Papua;Highland Papua
ID.PS;South Papua;South Papua
IE.C;Connacht;Connacht
IE.L;Leinster;Leinster
IE.M;Munster;Munster
IE.U;Ulster;Ulster
IL.06;Jerusalem;Jerusalem
IL.05;Tel Aviv;Tel Aviv
IL.04;Haifa;Haifa
IL.03;Northern District;Northern District
IL.02;Central District;Central District
IL.01;Southern District;Southern District
IL.WE;Judea and Samaria Area;Judea and Samaria Area
IM.9782164;Andreas;Andreas
IM.9782165;Arbory;Arbory
IM.9782166;Ballaugh;Ballaugh
IM.9782167;Braddan;Braddan
IM.9782168;Bride;Bride
IM.9782169;Castletown;Castletown
IM.9782170;Douglas;Douglas
IM.9782171;German;German
IM.9782172;Jurby;Jurby
IM.9782173;Laxey;Laxey
IM.9782176;Lezayre;Lezayre
IM.9782180;Lonan;Lonan
IM.9782182;Malew;Malew
IM.9782183;Marown;Marown
IM.9782184;Maughold;Maughold
IM.9782185;Michael;Michael
IM.9782186;Onchan;Onchan
IM.9782187;Patrick;Patrick
IM.9782188;Peel;Peel
IM.9782189;Port Erin;Port Erin
IM.9782190;Port St Mary;Port St Mary
IM.9782191;Ramsey;Ramsey
IM.9782192;Rushen;Rushen
IM.9782193;Santon;Santon
IN.28;West Bengal;West Bengal
IN.36;Uttar Pradesh;Uttar Pradesh
IN.26;Tripura;Tripura
IN.40;Telangana;Telangana
IN.25;Tamil Nadu;Tamil Nadu
IN.29;Sikkim;Sikkim
IN.24;Rajasthan;Rajasthan
IN.23;Punjab;Punjab
IN.22;Puducherry;Puducherry
IN.21;Odisha;Odisha
IN.20;Nagaland;Nagaland
IN.31;Mizoram;Mizoram
IN.18;Meghalaya;Meghalaya
IN.17;Manipur;Manipur
IN.16;Maharashtra;Maharashtra
IN.35;Madhya Pradesh;Madhya Pradesh
IN.14;Lakshadweep;Lakshadweep
IN.13;Kerala;Kerala
IN.19;Karnataka;Karnataka
IN.12;Jammu and Kashmir;Jammu and Kashmir
IN.11;Himachal Pradesh;Himachal Pradesh
IN.10;Haryana;Haryana
IN.09;Gujarat;Gujarat
IN.33;Goa;Goa
IN.07;Delhi;Delhi
IN.05;Chandigarh;Chandigarh
IN.34;Bihar;Bihar
IN.03;Assam;Assam
IN.30;Arunachal Pradesh;Arunachal Pradesh
IN.02;Andhra Pradesh;Andhra Pradesh
IN.01;Andaman and Nicobar;Andaman and Nicobar
IN.37;Chhattisgarh;Chhattisgarh
IN.38;Jharkhand;Jharkhand
IN.39;Uttarakhand;Uttarakhand
IN.41;Ladakh;Ladakh
IN.52;Dadra and Nagar Haveli and Daman and Diu;Dadra and Nagar Haveli and Daman and Diu
IQ.02;Basra;Basra
IQ.16;Wasit;Wasit
IQ.18;Salah ad Din;Salah ad Din
IQ.15;Nineveh;Nineveh
IQ.14;Maysan;Maysan
IQ.12;Karbala;Karbala
IQ.11;Erbil;Erbil
IQ.10;Diyala;Diyala
IQ.09;Dhi Qar;Dhi Qar
IQ.08;Duhok;Duhok
IQ.07;Baghdad;Baghdad
IQ.06;Babil;Babil
IQ.13;Kirkuk;Kirkuk
IQ.05;Sulaymaniyah;Sulaymaniyah
IQ.17;Najaf;Najaf
IQ.04;Al-Qadisiyah;Al-Qadisiyah
IQ.03;Muthanna;Muthanna
IQ.01;Anbar;Anbar
IQ.19;Halabja;Halabja
IR.26;Tehran;Tehran
IR.36;Zanjan;Zanjan
IR.40;Yazd Province;Yazd Province
IR.25;Semnan;Semnan
IR.35;Māzandarān;Mazandaran
IR.34;Markazi;Markazi
IR.23;Lorestan Province;Lorestan Province
IR.16;Kurdistan Province;Kurdistan Province
IR.05;Kohgiluyeh and Boyer-Ahmad;Kohgiluyeh and Boyer-Ahmad
IR.15;Khuzestan;Khuzestan
IR.13;Kermanshah Province;Kermanshah Province
IR.29;Kerman;Kerman
IR.10;Ilam Province;Ilam Province
IR.11;Hormozgan;Hormozgan
IR.09;Hamadan Province;Hamadan Province
IR.08;Gilan Province;Gilan Province
IR.07;Fars;Fars
IR.03;Chaharmahal and Bakhtiari;Chaharmahal and Bakhtiari
IR.22;Bushehr;Bushehr
IR.33;East Azerbaijan;East Azerbaijan
IR.01;West Azerbaijan;West Azerbaijan
IR.32;Ardabil Province;Ardabil Province
IR.28;Isfahan;Isfahan
IR.37;Golestan;Golestan
IR.38;Qazvin Province;Qazvin Province
IR.39;Qom Province;Qom Province
IR.04;Sistan and Baluchestan;Sistan and Baluchestan
IR.41;South Khorasan Province;South Khorasan Province
IR.42;Razavi Khorasan;Razavi Khorasan
IR.43;North Khorasan;North Khorasan
IR.44;Alborz Province;Alborz Province
IS.41;Northwest;Northwest
IS.40;Northeast;Northeast
IS.38;East;East
IS.42;South;South
IS.39;Capital Region;Capital Region
IS.43;Southern Peninsula;Southern Peninsula
IS.45;West;West
IS.44;Westfjords;Westfjords
IT.15;Sicily;Sicily
IT.14;Sardinia;Sardinia
IT.03;Calabria;Calabria
IT.20;Veneto;Veneto
IT.19;Aosta Valley;Aosta Valley
IT.18;Umbria;Umbria
IT.17;Trentino-Alto Adige;Trentino-Alto Adige
IT.16;Tuscany;Tuscany
IT.13;Apulia;Apulia
IT.12;Piedmont;Piedmont
IT.11;Molise;Molise
IT.10;The Marches;The Marches
IT.09;Lombardy;Lombardy
IT.08;Liguria;Liguria
IT.07;Lazio;Lazio
IT.06;Friuli Venezia Giulia;Friuli Venezia Giulia
IT.05;Emilia-Romagna;Emilia-Romagna
IT.04;Campania;Campania
IT.02;Basilicate;Basilicate
IT.01;Abruzzo;Abruzzo
JE.3237072;St Clement;St Clement
JE.3237073;St Saviour;St Saviour
JE.3237200;St. Brelade;St. Brelade
JE.3237203;Grouville;Grouville
JE.3237212;St Mary;St Mary
JE.3237214;St Lawrence;St Lawrence
JE.3237221;St Peter;St Peter
JE.3237229;St Ouen;St Ouen
JE.3237497;St John;St John
JE.3237530;Trinity;Trinity
JE.3237716;St Martîn;St Martin
JE.3237864;St Helier;St Helier
JM.16;Westmoreland;Westmoreland
JM.15;Trelawny Parish;Trelawny Parish
JM.14;Saint Thomas Parish;Saint Thomas Parish
JM.13;Saint Mary Parish;Saint Mary Parish
JM.12;Saint James Parish;Saint James Parish
JM.11;St. Elizabeth;St. Elizabeth
JM.10;Saint Catherine Parish;Saint Catherine Parish
JM.09;Saint Ann Parish;Saint Ann Parish
JM.08;Saint Andrew Parish;Saint Andrew Parish
JM.07;Portland Parish;Portland Parish
JM.04;Manchester;Manchester
JM.17;Kingston;Kingston
JM.02;Hanover;Hanover
JM.01;Clarendon;Clarendon
JO.19;Ma’an;Ma'an
JO.18;Irbid;Irbid
JO.17;Zarqa;Zarqa
JO.12;Tafielah;Tafielah
JO.16;Amman;Amman
JO.15;Mafraq;Mafraq
JO.09;Karak;Karak
JO.02;Balqa;Balqa
JO.20;Ajloun;Ajloun
JO.22;Jerash;Jerash
JO.21;Aqaba;Aqaba
JO.23;Madaba;Madaba
JP.46;Yamanashi;Yamanashi
JP.45;Yamaguchi;Yamaguchi
JP.43;Wakayama;Wakayama
JP.42;Toyama;Toyama
JP.41;Tottori;Tottori
JP.40;Tokyo;Tokyo
JP.39;Tokushima;Tokushima
JP.38;Tochigi;Tochigi
JP.37;Shizuoka;Shizuoka
JP.36;Shimane;Shimane
JP.35;Shiga;Shiga
JP.34;Saitama;Saitama
JP.33;Saga;Saga
JP.32;Osaka;Osaka
JP.47;Okinawa;Okinawa
JP.31;Okayama;Okayama
JP.30;Oita;Oita
JP.29;Niigata;Niigata
JP.28;Nara;Nara
JP.27;Nagasaki;Nagasaki
JP.26;Nagano;Nagano
JP.25;Miyazaki;Miyazaki
JP.23;Mie;Mie
JP.22;Kyoto;Kyoto
JP.21;Kumamoto;Kumamoto
JP.20;Kochi;Kochi
JP.19;Kanagawa;Kanagawa
JP.18;Kagoshima;Kagoshima
JP.17;Kagawa;Kagawa
JP.15;Ishikawa;Ishikawa
JP.13;Hyōgo;Hyogo
JP.11;Hiroshima;Hiroshima
JP.10;Gunma;Gunma
JP.09;Gifu;Gifu
JP.07;Fukuoka;Fukuoka
JP.06;Fukui;Fukui
JP.05;Ehime;Ehime
JP.01;Aichi;Aichi
JP.44;Yamagata;Yamagata
JP.24;Miyagi;Miyagi
JP.16;Iwate;Iwate
JP.14;Ibaraki;Ibaraki
JP.08;Fukushima;Fukushima
JP.04;Chiba;Chiba
JP.02;Akita;Akita
JP.12;Hokkaido;Hokkaido
JP.03;Aomori;Aomori
KE.55;West Pokot County;West Pokot County
KE.54;Wajir County;Wajir County
KE.52;Uasin Gishu County;Uasin Gishu County
KE.51;Turkana County;Turkana County
KE.50;Trans Nzoia;Trans Nzoia
KE.49;Tharaka - Nithi;Tharaka - Nithi
KE.48;Tana River County;Tana River County
KE.46;Siaya County;Siaya County
KE.45;Samburu County;Samburu County
KE.05;Nairobi County;Nairobi County
KE.38;Murang'A;Murang'A
KE.37;Mombasa County;Mombasa County
KE.35;Meru County;Meru County
KE.34;Marsabit County;Marsabit County
KE.33;Mandera County;Mandera County
KE.29;Laikipia;Laikipia
KE.28;Kwale County;Kwale County
KE.27;Kitui County;Kitui County
KE.26;Kisumu County;Kisumu County
KE.25;Kisii County;Kisii County
KE.24;Kirinyaga County;Kirinyaga County
KE.23;Kilifi County;Kilifi County
KE.22;Kiambu County;Kiambu County
KE.21;Kericho County;Kericho County
KE.20;Kakamega County;Kakamega County
KE.18;Isiolo County;Isiolo County
KE.16;Garissa County;Garissa County
KE.15;Embu County;Embu County
KE.13;Busia County;Busia County
KE.12;Bungoma County;Bungoma County
KE.10;Baringo;Baringo
KE.43;Nyandarua County;Nyandarua County
KE.53;Vihiga County;Vihiga County
KE.30;Lamu;Lamu
KE.31;Machakos County;Machakos County
KE.32;Makueni County;Makueni County
KE.14;Elegeyo-Marakwet;Marakwet District
KE.47;Taita Taveta;Taita Taveta
KE.19;Kajiado County;Kajiado County
KE.44;Nyeri County;Nyeri County
KE.17;Homa Bay County;Homa Bay County
KE.11;Bomet County;Bomet County
KE.36;Migori County;Migori County
KE.39;Nakuru County;Nakuru County
KE.41;Narok County;Narok County
KE.42;Nyamira county;Nyamira county
KE.40;Nandi;Nandi
KG.08;Osh Region;Osh Region
KG.09;Batken;Batken
KG.06;Talas Region;Talas Region
KG.04;Naryn Region;Naryn Region
KG.07;Issyk-Kul;Issyk-Kul
KG.01;Bishkek;Bishkek
KG.03;Jalal-Abad Region;Jalal-Abad Region
KG.02;Chuy Region;Chuy Region
KG.10;Osh City;Osh City
KH.12;Pursat;Pursat
KH.29;Battambang;Battambang
KH.19;Takeo;Takeo
KH.18;Svay Rieng;Svay Rieng
KH.17;Stung Treng;Stung Treng
KH.27;Ŏtâr Méanchey;Otar Meanchey
KH.24;Siem Reap;Siem Reap
KH.23;Ratanakiri;Ratanakiri
KH.14;Prey Veng;Prey Veng
KH.13;Preah Vihear;Preah Vihear
KH.22;Phnom Penh;Phnom Penh
KH.30;Pailin;Pailin
KH.10;Mondolkiri;Mondolkiri
KH.09;Kratie;Kratie
KH.26;Kep;Kep
KH.08;Koh Kong;Koh Kong
KH.07;Kandal;Kandal
KH.21;Kampot;Kampot
KH.05;Kampong Thom;Kampong Thom
KH.04;Kampong Speu Province;Kampong Speu Province
KH.03;Kampong Chhnang;Kampong Chhnang
KH.02;Kampong Cham;Kampong Cham
KH.28;Preah Sihanouk;Preah Sihanouk
KH.25;Banteay Meanchey;Banteay Meanchey
KH.31;Tboung Khmum;Tboung Khmum
KI.01;Gilbert Islands;Gilbert Islands
KI.02;Line Islands;Line Islands
KI.03;Phoenix Islands;Phoenix Islands
KM.03;Mohéli;Moheli
KM.02;Grande Comore;Grande Comore
KM.01;Anjouan;Anjouan
KN.15;Trinity Palmetto Point;Trinity Palmetto Point
KN.13;Middle Island;Middle Island
KN.12;Saint Thomas Lowland;Saint Thomas Lowland
KN.11;Saint Peter Basseterre;Saint Peter Basseterre
KN.10;Saint Paul Charlestown;Saint Paul Charlestown
KN.09;Saint Paul Capesterre;Saint Paul Capesterre
KN.08;Saint Mary Cayon;Saint Mary Cayon
KN.07;Saint John Figtree;Saint John Figtree
KN.06;Saint John Capesterre;Saint John Capesterre
KN.05;Saint James Windwa;Saint James Windwa
KN.04;Saint George Gingerland;Saint George Gingerland
KN.03;Saint George Basseterre;Saint George Basseterre
KN.02;Saint Anne Sandy Point;Saint Anne Sandy Point
KN.01;Christ Church Nichola Town;Christ Church Nichola Town
KP.12;Pyongyang;Pyongyang
KP.15;South Pyongan;South Pyongan
KP.11;P'yŏngan-bukto;P'yongan-bukto
KP.09;Kangwŏn-do;Kangwon-do
KP.06;South Hwanghae;South Hwanghae
KP.07;North Hwanghae;North Hwanghae
KP.03;South Hamgyong;South Hamgyong
KP.13;Yanggang-do;Yanggang-do
KP.17;North Hamgyong;North Hamgyong
KP.01;Chagang;Chagang
KP.18;Rason;Rason
KP.14;Nampo;Nampo
KP.19;Kaesong;Kaesong
KR.21;Ulsan;Ulsan
KR.19;Daejeon;Daejeon
KR.15;Daegu;Daegu
KR.11;Seoul;Seoul
KR.10;Busan;Busan
KR.14;Gyeongsangbuk-do;Gyeongsangbuk-do
KR.13;Gyeonggi-do;Gyeonggi-do
KR.18;Gwangju;Gwangju
KR.06;Gangwon-do;Gangwon-do
KR.12;Incheon;Incheon
KR.17;Chungcheongnam-do;Chungcheongnam-do
KR.05;North Chungcheong;North Chungcheong
KR.16;Jeollanam-do;Jeollanam-do
KR.03;Jeollabuk-do;Jeollabuk-do
KR.01;Jeju-do;Jeju-do
KR.20;Gyeongsangnam-do;Gyeongsangnam-do
KR.22;Sejong-si;Sejong-si
KW.08;Hawalli;Hawalli
KW.02;Al Asimah;Al Asimah
KW.05;Al Jahra Governorate;Al Jahra Governorate
KW.07;Al Farwaniyah;Al Farwaniyah
KW.04;Al Aḩmadī;Al Ahmadi
KW.09;Mubārak al Kabīr;Mubarak al Kabir
KY.10346796;George Town;George Town
KY.10375968;West Bay;West Bay
KY.10375969;Bodden Town;Bodden Town
KY.10375970;North Side;North Side
KY.10375971;East End;East End
KY.10375972;Sister Island;Sister Island
KZ.07;West Kazakhstan;West Kazakhstan
KZ.09;Mangystau;Mangystau
KZ.06;Atyrau Oblisi;Atyrau Oblisi
KZ.04;Aktobe;Aktobe
KZ.15;East Kazakhstan;East Kazakhstan
KZ.03;Aqmola;Aqmola
KZ.16;North Kazakhstan;North Kazakhstan
KZ.11;Pavlodar Region;Pavlodar Region
KZ.14;Kyzylorda;Kyzylorda
KZ.13;Kostanay;Kostanay
KZ.12;Karaganda;Karaganda
KZ.17;Zhambyl;Zhambyl
KZ.10;Turkistan;Turkistan
KZ.02;Almaty;Almaty
KZ.01;Almaty Region;Almaty Region
KZ.1537272;Shymkent;Shymkent
KZ.08;Baikonur;Baikonur
KZ.05;Astana;Astana
KZ.12510143;Abai Region;Abai Region
KZ.12510144;Zhetysu Region;Zhetysu Region
KZ.12510145;Ulytau Region;Ulytau Region
LA.14;Xiangkhoang;Xiangkhoang
LA.13;Xiagnabouli;Xiagnabouli
LA.27;Vientiane;Vientiane
LA.20;Savannakhet Province;Savannakhet Province
LA.19;Salavan Province;Salavan Province
LA.18;Phôngsali;Phongsali
LA.07;Oudômxai;Oudomxai
LA.17;Luang Prabang Province;Luang Prabang Province
LA.16;Loungnamtha;Loungnamtha
LA.15;Khammouane Province;Khammouane Province
LA.03;Houaphan;Houaphan
LA.02;Champasak Province;Champasak Province
LA.01;Attapu;Attapu
LA.26;Xékong;Xekong
LA.22;Bokeo;Bokeo
LA.23;Bolikhamsai;Bolikhamsai
LA.24;Vientiane Prefecture;Vientiane Prefecture
LA.28;Xaisomboun;Xaisomboun
LB.05;Mount Lebanon;Mount Lebanon
LB.04;Beirut;Beirut
LB.09;North Lebanon;North Lebanon
LB.06;South Governorate;South Governorate
LB.08;Bekaa;Bekaa
LB.07;Nabatieh;Nabatieh
LB.10;Akkar;Akkar
LB.11;Baalbek-Hermel Governorate;Baalbek-Hermel Governorate
LC.10;Vieux-Fort;Vieux-Fort
LC.09;Soufrière;Soufriere
LC.08;Micoud;Micoud
LC.07;Laborie;Laborie
LC.06;Gros-Islet;Gros-Islet
LC.05;Dennery;Dennery
LC.04;Choiseul;Choiseul
LC.03;Castries;Castries
LC.01;Anse-la-Raye;Anse-la-Raye
LC.12;Canaries;Canaries
LI.11;Vaduz;Vaduz
LI.10;Triesenberg;Triesenberg
LI.09;Triesen;Triesen
LI.08;Schellenberg;Schellenberg
LI.07;Schaan;Schaan
LI.06;Ruggell;Ruggell
LI.05;Planken;Planken
LI.04;Mauren;Mauren
LI.03;Gamprin;Gamprin
LI.02;Eschen;Eschen
LI.01;Balzers;Balzers
LK.36;Western Province;Western Province
LK.35;Uva Province;Uva Province
LK.34;Southern Province;Southern Province
LK.33;Sabaragamuwa Province;Sabaragamuwa Province
LK.32;North Western Province;North Western Province
LK.30;North Central Province;North Central Province
LK.29;Central Province;Central Province
LK.38;Northern Province;Northern Province
LK.37;Eastern Province;Eastern Province
LR.10;Sinoe County;Sinoe County
LR.09;Nimba;Nimba
LR.14;Montserrado County;Montserrado County
LR.13;Maryland County;Maryland County
LR.20;Lofa County;Lofa County
LR.19;Grand Gedeh County;Grand Gedeh County
LR.12;Grand Cape Mount County;Grand Cape Mount County
LR.11;Grand Bassa County;Grand Bassa County
LR.01;Bong County;Bong County
LR.15;Bomi County;Bomi County
LR.16;Grand Kru County;Grand Kru County
LR.17;Margibi County;Margibi County
LR.18;River Cess County;River Cess County
LR.21;Gbarpolu County;Gbarpolu County
LR.22;River Gee County;River Gee County
LS.19;Thaba-Tseka;Thaba-Tseka
LS.18;Quthing;Quthing
LS.17;Qacha's Nek District;Qacha's Nek District
LS.16;Mokhotlong District;Mokhotlong District
LS.15;Mohale's Hoek District;Mohale's Hoek District
LS.14;Maseru District;Maseru District
LS.13;Mafeteng District;Mafeteng District
LS.12;Leribe;Leribe
LS.11;Butha-Buthe;Butha-Buthe
LS.10;Berea;Berea
LT.56;Alytus;Alytus
LT.57;Kaunas;Kaunas
LT.58;Klaipėda County;Klaipeda County
LT.59;Marijampolė County;Marijampole County
LT.60;Panevėžys;Panevezys
LT.61;Siauliai;Siauliai
LT.62;Tauragė County;Taurage County
LT.63;Telsiai;Telsiai
LT.64;Utena;Utena
LT.65;Vilnius;Vilnius
LU.WI;Wiltz;Wiltz
LU.VD;Vianden;Vianden
LU.RM;Remich;Remich
LU.RD;Redange;Redange
LU.ME;Mersch;Mersch
LU.LU;Luxembourg;Luxembourg
LU.GR;Grevenmacher;Grevenmacher
LU.ES;Esch-sur-Alzette;Esch-sur-Alzette
LU.EC;Echternach;Echternach
LU.DI;Diekirch;Diekirch
LU.CL;Clervaux;Clervaux
LU.CA;Capellen;Capellen
LV.33;Ventspils Municipality;Ventspils Municipality
LV.32;Ventspils;Ventspils
LV.31;Valmiera;Valmiera
LV.30;Valka;Valka
LV.29;Tukums Municipality;Tukums Municipality
LV.28;Talsu novads;Talsu novads
LV.27;Saldus Rajons;Saldus Rajons
LV.25;Riga;Riga
LV.24;Rēzekne Municipality;Rezekne Municipality
LV.23;Rēzekne;Rezekne
LV.22;Preiļu novads;Preilu novads
LV.21;Ogre;Ogre
LV.20;Madonas novads;Madonas novads
LV.19;Ludza Municipality;Ludza Municipality
LV.18;Limbaži Municipality;Limbazi Municipality
LV.16;Liepaja;Liepaja
LV.15;Kuldīga Municipality;Kuldiga Municipality
LV.14;Krāslava Municipality;Kraslava Municipality
LV.13;Jūrmala;Jurmala
LV.12;Jelgava Municipality;Jelgava Municipality
LV.11;Jelgava;Jelgava
LV.10;Jēkabpils Municipality;Jekabpils Municipality
LV.09;Gulbene Municipality;Gulbene Municipality
LV.08;Dobele Municipality;Dobele Municipality
LV.06;Daugavpils;Daugavpils
LV.05;Cēsis Municipality;Cesis Municipality
LV.04;Bauska Municipality;Bauska Municipality
LV.03;Balvi Municipality;Balvi Municipality
LV.02;Alūksne Municipality;Aluksne Municipality
LV.01;Aizkraukle Municipality;Aizkraukle Municipality
LV.95;Mārupe;Marupe
LV.A2;Olaine;Olaine
LV.80;Ķekava;Kekava
LV.C3;Salaspils Municipality;Salaspils Municipality
LV.34;Ādaži;Adazi
LV.90;Līvāni;Livani
LV.E1;Varakļāni Municipality;Varaklani Municipality
LV.B5;Ropaži Municipality;Ropazi Municipality
LV.C7;Sigulda Municipality;Sigulda Municipality
LV.C5;Saulkrasti Municipality;Saulkrasti Municipality
LV.D1;Smiltene Municipality;Smiltene Municipality
LV.DN;South Kurzeme Municipality;South Kurzeme Municipality
LV.AN;Augšdaugava Municipality;Augsdaugava Municipality
LY.70;Darnah;Darnah
LY.69;Banghazi;Banghazi
LY.66;Al Marj;Al Marj
LY.65;Al Kufrah;Al Kufrah
LY.63;Al Jabal al Akhdar;Al Jabal al Akhdar
LY.77;Tripoli;Tripoli
LY.76;Surt;Surt
LY.75;Sabha District;Sabha District
LY.74;Nalut;Nalut
LY.73;Murzuq District;Murzuq District
LY.72;Misratah;Misratah
LY.71;Ghat;Ghat
LY.68;Az Zawiyah;Az Zawiyah
LY.78;Wadi ash Shati';Wadi ash Shati'
LY.64;Al Jufrah;Al Jufrah
LY.67;An Nuqat al Khams;An Nuqat al Khams
LY.79;Al Butnan;Al Butnan
LY.80;Jabal al Gharbi;Jabal al Gharbi
LY.81;Al Jafarah;Al Jafarah
LY.82;Al Marqab;Al Marqab
LY.83;Al Wahat;Al Wahat
LY.84;Wadi al Hayat;Wadi al Hayat
MA.01;Tanger-Tetouan-Al Hoceima;Tanger-Tetouan-Al Hoceima
MA.02;Oriental;Oriental
MA.03;Fes-Meknes;Fes-Meknes
MA.04;Rabat-Salé-Kénitra;Rabat-Sale-Kenitra
MA.05;Beni Mellal-Khenifra;Beni Mellal-Khenifra
MA.06;Casablanca-Settat;Casablanca-Settat
MA.07;Marrakesh-Safi;Marrakesh-Safi
MA.08;Drâa-Tafilalet;Draa-Tafilalet
MA.09;Souss-Massa;Souss-Massa
MA.10;Guelmim-Oued Noun;Guelmim-Oued Noun
MA.11;Laayoune-Sakia El Hamra;Laayoune-Sakia El Hamra
MA.12;Dakhla-Oued Ed-Dahab;Dakhla-Oued Ed-Dahab
MC.00;Municipality of Monaco;Municipality of Monaco
MD.73;Raionul Edineţ;Raionul Edinet
MD.92;Ungheni;Ungheni
MD.91;Teleneşti;Telenesti
MD.90;Taraclia;Taraclia
MD.88;Stefan-Voda;Stefan-Voda
MD.89;Strășeni;Straseni
MD.87;Soroca District;Soroca District
MD.84;Rîşcani;Riscani
MD.83;Rezina;Rezina
MD.82;Orhei;Orhei
MD.81;Raionul Ocniţa;Raionul Ocnita
MD.59;Anenii Noi;Anenii Noi
MD.80;Nisporeni;Nisporeni
MD.79;Leova;Leova
MD.85;Sîngerei;Singerei
MD.69;Criuleni;Criuleni
MD.78;Ialoveni;Ialoveni
MD.57;Chișinău Municipality;Chisinau Municipality
MD.67;Căuşeni;Causeni
MD.65;Cantemir;Cantemir
MD.66;Călăraşi;Calarasi
MD.64;Cahul;Cahul
MD.76;Glodeni;Glodeni
MD.75;Floreşti;Floresti
MD.74;Fălești;Falesti
MD.72;Dubăsari District;Dubasari District
MD.71;Drochia;Drochia
MD.70;Donduşeni;Donduseni
MD.68;Cimişlia;Cimislia
MD.63;Briceni;Briceni
MD.61;Basarabeasca;Basarabeasca
MD.77;Hînceşti;Hincesti
MD.86;Şoldăneşti;Soldanesti
MD.58;Transnistria;Transnistria
MD.51;Gagauzia;Gagauzia
MD.62;Bender Municipality;Bender Municipality
MD.60;Bălţi;Balti
ME.17;Rožaje Municipality;Rozaje Municipality
ME.21;Opština Žabljak;Opstina Zabljak
ME.20;Ulcinj;Ulcinj
ME.19;Tivat;Tivat
ME.16;Podgorica;Podgorica
ME.18;Opština Šavnik;Opstina Savnik
ME.15;Opština Plužine;Opstina Pluzine
ME.14;Pljevlja;Pljevlja
ME.13;Opština Plav;Opstina Plav
ME.12;Opština Nikšić;Opstina Niksic
ME.11;Mojkovac;Mojkovac
ME.10;Kotor;Kotor
ME.09;Opština Kolašin;Opstina Kolasin
ME.03;Berane;Berane
ME.08;Herceg Novi;Herceg Novi
ME.07;Danilovgrad;Danilovgrad
ME.06;Cetinje;Cetinje
ME.05;Budva;Budva
ME.04;Bijelo Polje;Bijelo Polje
ME.02;Bar;Bar
ME.01;Andrijevica;Andrijevica
ME.22;Gusinje Municipality;Gusinje Municipality
ME.23;Petnjica Municipality;Petnjica Municipality
ME.24;Tuzi Municipality;Tuzi Municipality
ME.25;Zeta;Zeta
MG.71;Diana;Diana
MG.72;Sava;Sava
MG.42;Sofia;Sofia
MG.32;Analanjirofo;Analanjirofo
MG.41;Boeny;Boeny
MG.43;Betsiboka;Betsiboka
MG.33;Alaotra Mangoro;Alaotra Mangoro
MG.44;Melaky;Melaky
MG.14;Bongolava;Bongolava
MG.12;Vakinankaratra;Vakinankaratra
MG.13;Itasy;Itasy
MG.11;Analamanga;Analamanga
MG.31;Atsinanana;Atsinanana
MG.54;Menabe;Menabe
MG.22;Amoron'i Mania;Amoron'i Mania
MG.21;Upper Matsiatra;Upper Matsiatra
MG.24;Ihorombe;Ihorombe
MG.25;Atsimo-Atsinanana;Atsimo-Atsinanana
MG.53;Anosy;Anosy
MG.52;Androy;Androy
MG.51;Atsimo-Andrefana;Atsimo-Andrefana
MG.26;Fitovinany Region;Fitovinany Region
MG.27;Vatovavy Region;Vatovavy Region
MH.007;Ailinginae Atoll;Ailinginae Atoll
MH.010;Ailinglaplap Atoll;Ailinglaplap Atoll
MH.030;Ailuk Atoll;Ailuk Atoll
MH.040;Arno Atoll;Arno Atoll
MH.050;Aur Atoll;Aur Atoll
MH.060;Bikar Atoll;Bikar Atoll
MH.070;Bikini Atoll;Bikini Atoll
MH.080;Ebon Atoll;Ebon Atoll
MH.090;Enewetak Atoll;Enewetak Atoll
MH.100;Erikub Atoll;Erikub Atoll
MH.120;Jaluit Atoll;Jaluit Atoll
MH.150;Kwajalein Atoll;Kwajalein Atoll
MH.160;Lae Atoll;Lae Atoll
MH.180;Likiep Atoll;Likiep Atoll
MH.190;Majuro Atoll;Majuro Atoll
MH.300;Maloelap Atoll;Maloelap Atoll
MH.320;Mili Atoll;Mili Atoll
MH.330;Namdrik Atoll;Namdrik Atoll
MH.340;Namu Atoll;Namu Atoll
MH.350;Rongelap Atoll;Rongelap Atoll
MH.360;Rongrik Atoll;Rongrik Atoll
MH.385;Taka Atoll;Taka Atoll
MH.073;Bokak Atoll;Bokak Atoll
MH.390;Ujae Atoll;Ujae Atoll
MH.400;Ujelang;Ujelang
MH.410;Utrik Atoll;Utrik Atoll
MH.420;Wotho Atoll;Wotho Atoll
MH.430;Wotje Atoll;Wotje Atoll
MH.110;Jabat Island;Jabat Island
MH.130;Jemo Island;Jemo Island
MH.140;Kili Island;Kili Island
MH.170;Lib Island;Lib Island
MH.310;Mejit Island;Mejit Island
MK.E9;Valandovo;Valandovo
MK.86;Resen;Resen
MK.51;Kratovo;Kratovo
MK.78;Pehchevo;Pehchevo
MK.72;Novo Selo;Novo Selo
MK.11;Bosilovo;Bosilovo
MK.A9;Vasilevo;Vasilevo
MK.E5;Dojran;Dojran
MK.08;Bogdanci;Bogdanci
MK.47;Konche;Konche
MK.62;Makedonska Kamenica;Makedonska Kamenica
MK.C6;Zrnovci;Zrnovci
MK.40;Karbinci;Karbinci
MK.25;Demir Kapija;Demir Kapija
MK.87;Rosoman;Rosoman
MK.35;Gradsko;Gradsko
MK.60;Lozovo;Lozovo
MK.19;Češinovo-Obleševo;Cesinovo-Oblesevo
MK.E1;Novaci;Novaci
MK.04;Berovo;Berovo
MK.06;Bitola;Bitola
MK.D9;Mogila;Mogila
MK.01;Arachinovo;Arachinovo
MK.C7;Bogovinje;Bogovinje
MK.12;Brvenica;Brvenica
MK.C9;Chashka;Chashka
MK.18;Centar Zhupa;Centar Zhupa
MK.20;Chucher Sandevo;Chucher Sandevo
MK.D2;Debar;Debar
MK.22;Delchevo;Delchevo
MK.D3;Demir Hisar;Demir Hisar
MK.28;Dolneni;Dolneni
MK.33;Gevgelija;Gevgelija
MK.D4;Gostivar;Gostivar
MK.36;Ilinden;Ilinden
MK.D5;Jegunovce;Jegunovce
MK.D6;Kavadarci;Kavadarci
MK.43;Kichevo;Kichevo
MK.46;Kochani;Kochani
MK.52;Kriva Palanka;Kriva Palanka
MK.53;Krivogashtani;Krivogashtani
MK.54;Krushevo;Krushevo
MK.D7;Kumanovo;Kumanovo
MK.59;Lipkovo;Lipkovo
MK.D8;Makedonski Brod;Makedonski Brod
MK.69;Negotino;Negotino
MK.E2;Ohrid;Ohrid
MK.79;Petrovec;Petrovec
MK.80;Plasnica;Plasnica
MK.E3;Prilep;Prilep
MK.83;Probishtip;Probishtip
MK.84;Radovish;Radovish
MK.85;Rankovce;Rankovce
MK.E4;Mavrovo and Rostuša;Mavrovo and Rostusa
MK.92;Sopište;Sopiste
MK.97;Staro Nagorichane;Staro Nagorichane
MK.98;Shtip;Shtip
MK.E6;Struga;Struga
MK.E7;Strumica;Strumica
MK.A2;Studenichani;Studenichani
MK.A4;Sveti Nikole;Sveti Nikole
MK.A5;Tearce;Tearce
MK.E8;Tetovo;Tetovo
MK.F1;Veles;Veles
MK.B3;Vevchani;Vevchani
MK.B4;Vinica;Vinica
MK.B7;Vrapchishte;Vrapchishte
MK.C2;Zelenikovo;Zelenikovo
MK.C3;Zhelino;Zhelino
MK.F5;Debarca;Debarca
MK.F6;Grad Skopje;Grad Skopje
ML.08;Tombouctou;Tombouctou
ML.06;Sikasso;Sikasso
ML.05;Ségou;Segou
ML.04;Mopti;Mopti
ML.07;Koulikoro;Koulikoro
ML.03;Kayes;Kayes
ML.09;Gao;Gao
ML.01;Bamako;Bamako
ML.10;Kidal;Kidal
ML.12070575;Taoudénit;Taoudenit
ML.12070577;Ménaka;Menaka
MM.12;Tanintharyi Region;Tanintharyi Region
MM.11;Shan State;Shan State
MM.10;Sagaing Region;Sagaing Region
MM.17;Yangon;Yangon
MM.01;Rakhine;Rakhine
MM.16;Bago Region;Bago Region
MM.13;Mon;Mon
MM.08;Mandalay Region;Mandalay Region
MM.15;Magway;Magway
MM.06;Kayah State;Kayah State
MM.05;Kayin State;Kayin State
MM.04;Kachin State;Kachin State
MM.03;Ayeyarwady;Ayeyarwady
MM.02;Chin State;Chin State
MM.18;Nay Pyi Taw;Nay Pyi Taw
MN.19;Uvs Province;Uvs Province
MN.12;Hovd;Hovd
MN.10;Govi-Altai Province;Govi-Altai Province
MN.09;Dzabkhan;Dzabkhan
MN.03;Bayan-Ölgii Province;Bayan-OElgii Province
MN.02;Bayankhongor;Bayankhongor
MN.20;Ulaanbaatar;Ulaanbaatar
MN.18;Central Aimak;Central Aimak
MN.17;Sühbaatar;Suhbaatar
MN.16;Selenge Province;Selenge Province
MN.15;Övörhangay;OEvoerhangay
MN.14;Ömnögovĭ;OEmnoegovi
MN.13;Khövsgöl Province;Khoevsgoel Province
MN.11;Hentiy;Hentiy
MN.08;Middle Govĭ;Middle Govi
MN.07;East Gobi Aymag;East Gobi Aymag
MN.06;East Aimak;East Aimak
MN.21;Bulgan;Bulgan
MN.01;Arkhangai Province;Arkhangai Province
MN.23;Darhan Uul;Darhan Uul
MN.24;Govĭ-Sumber;Govi-Sumber
MN.25;Orhon;Orhon
MO.11875154;Nossa Senhora de Fátima;Nossa Senhora de Fatima
MO.11875155;Santo António;Santo Antonio
MO.11875156;São Lázaro;Sao Lazaro
MO.11875157;Sé;Se
MO.11875158;São Lourenço;Sao Lourenco
MO.11875159;Our Lady of Carmo;Our Lady of Carmo
MO.11875160;Cotai;Cotai
MO.11875161;Saint Francis Xavier;Saint Francis Xavier
MP.100;Rota;Rota
MP.110;Saipan;Saipan
MP.120;Tinian;Tinian
MP.085;Northern Islands;Northern Islands
MQ.MQ;Martinique;Martinique
MR.06;Trarza;Trarza
MR.11;Tiris Zemmour;Tiris Zemmour
MR.09;Tagant;Tagant
MR.12;Inchiri;Inchiri
MR.02;Hodh El Gharbi;Hodh El Gharbi
MR.01;Hodh Ech Chargi;Hodh Ech Chargi
MR.10;Guidimaka;Guidimaka
MR.04;Gorgol;Gorgol
MR.08;Dakhlet Nouadhibou;Dakhlet Nouadhibou
MR.05;Brakna;Brakna
MR.03;Assaba;Assaba
MR.07;Adrar;Adrar
MR.13;Nouakchott West;Nouakchott West
MR.14;Nouakchott North;Nouakchott North
MR.15;Nouakchott South;Nouakchott South
MS.03;Saint Peter;Saint Peter
MS.02;Saint Georges;Saint Georges
MS.01;Saint Anthony;Saint Anthony
MT.01;Attard;Attard
MT.02;Balzan;Balzan
MT.03;Il-Birgu;Il-Birgu
MT.04;Birkirkara;Birkirkara
MT.05;Birżebbuġa;Birzebbuga
MT.06;Bormla;Bormla
MT.07;Dingli;Dingli
MT.08;Il-Fgura;Il-Fgura
MT.09;Floriana;Floriana
MT.10;Il-Fontana;Il-Fontana
MT.11;Ghajnsielem;Ghajnsielem
MT.12;L-Għarb;L-Gharb
MT.13;Ħal Għargħur;Hal Gharghur
MT.14;L-Għasri;L-Ghasri
MT.15;Ħal Għaxaq;Hal Ghaxaq
MT.16;Il-Gudja;Il-Gudja
MT.17;Il-Gżira;Il-Gzira
MT.18;Il-Ħamrun;Il-Hamrun
MT.19;L-Iklin;L-Iklin
MT.20;L-Imdina;L-Imdina
MT.21;L-Imġarr;L-Imgarr
MT.22;L-Imqabba;L-Imqabba
MT.23;L-Imsida;L-Imsida
MT.24;Mtarfa;Mtarfa
MT.25;Senglea;Senglea
MT.26;Il-Kalkara;Il-Kalkara
MT.27;Ta’ Kerċem;Ta' Kercem
MT.28;Kirkop;Kirkop
MT.29;Lija;Lija
MT.30;Luqa;Luqa
MT.31;Il-Marsa;Il-Marsa
MT.32;Marsaskala;Marsaskala
MT.33;Marsaxlokk;Marsaxlokk
MT.34;Il-Mellieħa;Il-Mellieha
MT.35;Il-Mosta;Il-Mosta
MT.36;Il-Munxar;Il-Munxar
MT.37;In-Nadur;In-Nadur
MT.38;In-Naxxar;In-Naxxar
MT.39;Paola;Paola
MT.40;Pembroke;Pembroke
MT.41;Tal-Pietà;Tal-Pieta
MT.42;Il-Qala;Il-Qala
MT.43;Qormi;Qormi
MT.44;Il-Qrendi;Il-Qrendi
MT.45;Ir-Rabat;Ir-Rabat
MT.46;Victoria;Victoria
MT.47;Safi;Safi
MT.48;Saint John;Saint John
MT.49;Saint Julian;Saint Julian
MT.50;Saint Lawrence;Saint Lawrence
MT.51;Saint Lucia;Saint Lucia
MT.52;Saint Paul’s Bay;Saint Paul's Bay
MT.53;Saint Venera;Saint Venera
MT.54;Sannat;Sannat
MT.55;Is-Siġġiewi;Is-Siggiewi
MT.56;Tas-Sliema;Tas-Sliema
MT.57;Is-Swieqi;Is-Swieqi
MT.58;Tarxien;Tarxien
MT.59;Ta’ Xbiex;Ta' Xbiex
MT.61;Ix-Xagħra;Ix-Xaghra
MT.62;Ix-Xewkija;Ix-Xewkija
MT.63;Ix-Xgħajra;Ix-Xghajra
MT.64;Ħaż-Żabbar;Haz-Zabbar
MT.65;Ħaż-Żebbuġ;Haz-Zebbug
MT.66;Iż-Żebbuġ;Iz-Zebbug
MT.67;Iż-Żejtun;Iz-Zejtun
MT.68;Iż-Żurrieq;Iz-Zurrieq
MT.60;Valletta;Valletta
MU.21;Agalega Islands;Agalega Islands
MU.20;Savanne;Savanne
MU.19;Rivière du Rempart;Riviere du Rempart
MU.18;Port Louis;Port Louis
MU.17;Plaines Wilhems;Plaines Wilhems
MU.16;Pamplemousses;Pamplemousses
MU.15;Moka;Moka
MU.14;Grand Port;Grand Port
MU.13;Flacq;Flacq
MU.12;Black River;Black River
MU.22;Cargados Carajos;Cargados Carajos
MU.23;Rodrigues;Rodrigues
MV.47;Vaavu Atholhu;Vaavu Atholhu
MV.46;Thaa Atholhu;Thaa Atholhu
MV.45;Shaviyani Atholhu;Shaviyani Atholhu
MV.01;Seenu;Seenu
MV.44;Raa Atoll;Raa Atoll
MV.43;Noonu Atoll;Noonu Atoll
MV.42;Gnyaviyani Atoll;Gnyaviyani Atoll
MV.41;Meemu Atholhu;Meemu Atholhu
MV.39;Faadhippolhu Atoll;Faadhippolhu Atoll
MV.05;Laamu;Laamu
MV.38;Kaafu Atoll;Kaafu Atoll
MV.37;Haa Dhaalu Atholhu;Haa Dhaalu Atholhu
MV.36;Haa Alifu Atholhu;Haa Alifu Atholhu
MV.35;Gaafu Dhaalu Atoll;Gaafu Dhaalu Atoll
MV.34;Gaafu Alif Atoll;Gaafu Alif Atoll
MV.33;Faafu Atholhu;Faafu Atholhu
MV.32;Dhaalu Atholhu;Dhaalu Atholhu
MV.31;Baa Atholhu;Baa Atholhu
MV.30;Northern Ari Atoll;Northern Ari Atoll
MV.40;Male;Male
MV.10346475;Southern Ari Atoll;Southern Ari Atoll
MW.S;Southern Region;Southern Region
MW.N;Northern Region;Northern Region
MW.C;Central Region;Central Region
MX.31;Yucatán;Yucatan
MX.30;Veracruz;Veracruz
MX.29;Tlaxcala;Tlaxcala
MX.28;Tamaulipas;Tamaulipas
MX.27;Tabasco;Tabasco
MX.23;Quintana Roo;Quintana Roo
MX.22;Querétaro;Queretaro
MX.21;Puebla;Puebla
MX.20;Oaxaca;Oaxaca
MX.19;Nuevo León;Nuevo Leon
MX.17;Morelos;Morelos
MX.15;México;Mexico
MX.13;Hidalgo;Hidalgo
MX.12;Guerrero;Guerrero
MX.09;Mexico City;Mexico City
MX.05;Chiapas;Chiapas
MX.04;Campeche;Campeche
MX.32;Zacatecas;Zacatecas
MX.26;Sonora;Sonora
MX.25;Sinaloa;Sinaloa
MX.24;San Luis Potosí;San Luis Potosi
MX.18;Nayarit;Nayarit
MX.16;Michoacán;Michoacan
MX.14;Jalisco;Jalisco
MX.11;Guanajuato;Guanajuato
MX.10;Durango;Durango
MX.08;Colima;Colima
MX.07;Coahuila;Coahuila
MX.06;Chihuahua;Chihuahua
MX.03;Baja California Sur;Baja California Sur
MX.02;Baja California;Baja California
MX.01;Aguascalientes;Aguascalientes
MY.04;Melaka;Melaka
MY.13;Terengganu;Terengganu
MY.12;Selangor;Selangor
MY.11;Sarawak;Sarawak
MY.16;Sabah;Sabah
MY.08;Perlis;Perlis
MY.07;Perak;Perak
MY.06;Pahang;Pahang
MY.05;Negeri Sembilan;Negeri Sembilan
MY.03;Kelantan;Kelantan
MY.14;Kuala Lumpur;Kuala Lumpur
MY.09;Penang;Penang
MY.02;Kedah;Kedah
MY.01;Johor;Johor
MY.15;Labuan;Labuan
MY.17;Putrajaya;Putrajaya
MZ.09;Zambezia Province;Zambezia Province
MZ.08;Tete;Tete
MZ.05;Sofala;Sofala
MZ.07;Niassa Province;Niassa Province
MZ.06;Nampula;Nampula
MZ.04;Maputo Province;Maputo Province
MZ.10;Manica;Manica
MZ.03;Inhambane Province;Inhambane Province
MZ.02;Gaza Province;Gaza Province
MZ.01;Cabo Delgado Province;Cabo Delgado Province
MZ.11;Maputo City;Maputo City
NA.28;Zambezi Region;Zambezi Region
NA.21;Khomas Region;Khomas Region
NA.29;Erongo Region;Erongo Region
NA.30;Hardap Region;Hardap Region
NA.31;Karas Region;Karas Region
NA.32;Kunene Region;Kunene Region
NA.33;Ohangwena Region;Ohangwena Region
NA.35;Omaheke Region;Omaheke Region
NA.36;Omusati Region;Omusati Region
NA.37;Oshana Region;Oshana Region
NA.38;Oshikoto Region;Oshikoto Region
NA.39;Otjozondjupa Region;Otjozondjupa Region
NA.40;Kavango East;Kavango East
NA.41;Kavango West;Kavango West
NC.02;South Province;South Province
NC.01;North Province;North Province
NC.03;Loyalty Islands;Loyalty Islands
NE.07;Zinder Region;Zinder Region
NE.06;Tahoua Region;Tahoua Region
NE.04;Maradi Region;Maradi Region
NE.03;Dosso Region;Dosso Region
NE.02;Diffa;Diffa
NE.01;Agadez;Agadez
NE.09;Tillabéri Region;Tillaberi Region
NE.08;Niamey;Niamey
NG.51;Sokoto;Sokoto
NG.50;Rivers State;Rivers State
NG.49;Plateau State;Plateau State
NG.32;Oyo State;Oyo State
NG.48;Ondo State;Ondo State
NG.16;Ogun State;Ogun State
NG.31;Niger State;Niger State
NG.05;Lagos;Lagos
NG.30;Kwara State;Kwara State
NG.24;Katsina State;Katsina State
NG.29;Kano State;Kano State
NG.23;Kaduna State;Kaduna State
NG.28;Imo State;Imo State
NG.22;Cross River State;Cross River State
NG.27;Borno State;Borno State
NG.26;Benue State;Benue State
NG.46;Bauchi;Bauchi
NG.25;Anambra;Anambra
NG.21;Akwa Ibom State;Akwa Ibom State
NG.11;FCT;FCT
NG.45;Abia State;Abia State
NG.36;Delta;Delta
NG.35;Adamawa;Adamawa
NG.37;Edo State;Edo State
NG.47;Enugu State;Enugu State
NG.39;Jigawa State;Jigawa State
NG.52;Bayelsa State;Bayelsa State
NG.53;Ebonyi State;Ebonyi State
NG.54;Ekiti State;Ekiti State
NG.55;Gombe State;Gombe State
NG.56;Nasarawa State;Nasarawa State
NG.57;Zamfara State;Zamfara State
NG.40;Kebbi;Kebbi
NG.41;Kogi State;Kogi State
NG.42;Osun State;Osun State
NG.43;Taraba State;Taraba State
NG.44;Yobe State;Yobe State
NI.15;Rivas Department;Rivas Department
NI.14;Río San Juan Department;Rio San Juan Department
NI.13;Nueva Segovia Department;Nueva Segovia Department
NI.12;Matagalpa Department;Matagalpa Department
NI.11;Masaya Department;Masaya Department
NI.10;Managua Department;Managua Department
NI.09;Madriz Department;Madriz Department
NI.08;León Department;Leon Department
NI.07;Jinotega Department;Jinotega Department
NI.06;Granada Department;Granada Department
NI.05;Estelí Department;Esteli Department
NI.04;Chontales Department;Chontales Department
NI.03;Chinandega Department;Chinandega Department
NI.02;Carazo Department;Carazo Department
NI.01;Boaco Department;Boaco Department
NI.17;North Caribbean Coast;North Caribbean Coast
NI.18;South Caribbean Coast;South Caribbean Coast
NL.11;South Holland;South Holland
NL.10;Zeeland;Zeeland
NL.09;Utrecht;Utrecht
NL.15;Overijssel;Overijssel
NL.07;North Holland;North Holland
NL.06;North Brabant;North Brabant
NL.05;Limburg;Limburg
NL.04;Groningen;Groningen
NL.03;Gelderland;Gelderland
NL.02;Friesland;Friesland
NL.01;Drenthe;Drenthe
NL.16;Flevoland;Flevoland
NO.05;Finnmark;Finnmark
NO.20;Vestfold;Vestfold
NO.18;Troms;Troms
NO.17;Telemark;Telemark
NO.14;Rogaland;Rogaland
NO.13;Østfold;Ostfold
NO.12;Oslo;Oslo
NO.09;Nordland;Nordland
NO.08;Møre og Romsdal;More og Romsdal
NO.04;Buskerud;Buskerud
NO.01;Akershus;Akershus
NO.21;Trøndelag;Trondelag
NO.42;Agder;Agder
NO.34;Innlandet;Innlandet
NO.46;Vestland;Vestland
NP.1;Koshi;Koshi
NP.2;Madhesh;Madhesh
NP.3;Bagmati Province;Bagmati Province
NP.4;Gandaki Pradesh;Gandaki Pradesh
NP.5;Lumbini Province;Lumbini Province
NP.6;Karnali Pradesh;Karnali Pradesh
NP.7;Sudurpashchim Pradesh;Sudurpashchim Pradesh
NR.14;Yaren District;Yaren District
NR.13;Uaboe District;Uaboe District
NR.12;Nibok District;Nibok District
NR.11;Meneng District;Meneng District
NR.10;Ijuw District;Ijuw District
NR.09;Ewa District;Ewa District
NR.08;Denigomodu District;Denigomodu District
NR.07;Buada District;Buada District
NR.06;Boe District;Boe District
NR.05;Baiti District;Baiti District
NR.04;Anibare District;Anibare District
NR.03;Anetan District;Anetan District
NR.02;Anabar District;Anabar District
NR.01;Aiwo District;Aiwo District
NZ.G2;Wellington Region;Wellington Region
NZ.F3;Manawatu-Wanganui;Manawatu-Wanganui
NZ.G1;Waikato Region;Waikato Region
NZ.TAS;Tasman District;Tasman District
NZ.F9;Taranaki Region;Taranaki Region
NZ.F8;Southland;Southland
NZ.E8;Bay of Plenty;Bay of Plenty
NZ.F6;Northland;Northland
NZ.F4;Marlborough;Marlborough
NZ.F2;Hawke's Bay Region;Hawke's Bay Region
NZ.F1;Gisborne;Gisborne
NZ.E9;Canterbury;Canterbury
NZ.E7;Auckland;Auckland
NZ.10;Chatham Islands;Chatham Islands
NZ.F5;Nelson Region;Nelson Region
NZ.F7;Otago;Otago
NZ.G3;West Coast;West Coast
OM.01;Ad Dakhiliyah;Ad Dakhiliyah
OM.02;Al Batinah South;Al Batinah South
OM.03;Al Wusta Governorate;Al Wusta Governorate
OM.04;Southeastern Governorate;Southeastern Governorate
OM.09;Ad Dhahirah;Ad Dhahirah
OM.06;Muscat;Muscat
OM.07;Musandam Governorate;Musandam Governorate
OM.08;Dhofar;Dhofar
OM.10;Al Buraimi;Al Buraimi
OM.12;Northeastern Governorate;Northeastern Governorate
OM.11;Al Batinah North;Al Batinah North
PA.10;Veraguas Province;Veraguas Province
PA.09;Guna Yala;Guna Yala
PA.08;Panamá;Panama
PA.07;Los Santos Province;Los Santos Province
PA.06;Herrera Province;Herrera Province
PA.05;Darién;Darien
PA.04;Colón;Colon
PA.03;Coclé;Cocle
PA.02;Chiriquí Province;Chiriqui Province
PA.01;Bocas del Toro Province;Bocas del Toro Province
PA.11;Embera;Embera
PA.12;Ngöbe-Buglé Comarca;Ngoebe-Bugle Comarca
PA.13;Panamá Oeste Province;Panama Oeste Province
PA.NT;Naso Tjër Di;Naso Tjer Di
PE.25;Ucayali;Ucayali
PE.24;Tumbes;Tumbes
PE.22;San Martín Department;San Martin Department
PE.20;Piura;Piura
PE.16;Loreto;Loreto
PE.14;Lambayeque;Lambayeque
PE.13;La Libertad;La Libertad
PE.10;Huánuco Department;Huanuco Department
PE.06;Cajamarca Department;Cajamarca Department
PE.02;Ancash;Ancash
PE.01;Amazonas;Amazonas
PE.23;Tacna;Tacna
PE.21;Puno;Puno
PE.19;Pasco;Pasco
PE.18;Moquegua Department;Moquegua Department
PE.17;Madre de Dios;Madre de Dios
PE.LMA;Lima Province;Lima Province
PE.15;Lima region;Lima region
PE.12;Junin;Junin
PE.11;Ica;Ica
PE.09;Huancavelica;Huancavelica
PE.08;Cuzco Department;Cuzco Department
PE.07;Callao;Callao
PE.05;Ayacucho;Ayacucho
PE.04;Arequipa;Arequipa
PE.03;Apurímac Department;Apurimac Department
PF.04;Marquesas Islands;Marquesas Islands
PF.03;Tuamotu-Gambier Islands;Tuamotu-Gambier Islands
PF.02;Leeward Islands;Leeward Islands
PF.01;Îles du Vent;Iles du Vent
PF.05;Austral Islands;Austral Islands
PG.17;West New Britain Province;West New Britain Province
PG.06;Western Province;Western Province
PG.16;Western Highlands Province;Western Highlands Province
PG.05;Southern Highlands Province;Southern Highlands Province
PG.18;Sandaun Province;Sandaun Province
PG.07;Bougainville;Bougainville
PG.04;Oro Province;Oro Province
PG.15;New Ireland;New Ireland
PG.20;National Capital;National Capital
PG.14;Morobe Province;Morobe Province
PG.13;Manus Province;Manus Province
PG.12;Madang Province;Madang Province
PG.02;Gulf Province;Gulf Province
PG.19;Enga Province;Enga Province
PG.11;East Sepik Province;East Sepik Province
PG.10;East New Britain Province;East New Britain Province
PG.09;Eastern Highlands Province;Eastern Highlands Province
PG.08;Chimbu Province;Chimbu Province
PG.03;Milne Bay Province;Milne Bay Province
PG.01;Central Province;Central Province
PG.21;Hela Province;Hela Province
PG.22;Jiwaka Province;Jiwaka Province
PH.14;Autonomous Region in Muslim Mindanao;Autonomous Region in Muslim Mindanao
PH.10;Northern Mindanao;Northern Mindanao
PH.41;Mimaropa;Mimaropa
PH.02;Cagayan Valley;Cagayan Valley
PH.12;Soccsksargen;Soccsksargen
PH.13;Caraga;Caraga
PH.15;Cordillera;Cordillera
PH.01;Ilocos;Ilocos
PH.40;Calabarzon;Calabarzon
PH.06;Western Visayas;Western Visayas
PH.03;Central Luzon;Central Luzon
PH.07;Central Visayas;Central Visayas
PH.08;Eastern Visayas;Eastern Visayas
PH.09;Zamboanga Peninsula;Zamboanga Peninsula
PH.11;Davao Region;Davao Region
PH.05;Bicol Region;Bicol Region
PH.NCR;National Capital Region;National Capital Region
PK.08;Islamabad;Islamabad
PK.05;Sindh;Sindh
PK.04;Punjab;Punjab
PK.03;Khyber Pakhtunkhwa;Khyber Pakhtunkhwa
PK.07;Gilgit-Baltistan;Gilgit-Baltistan
PK.02;Balochistan;Balochistan
PK.06;Azad Kashmir;Azad Kashmir
PL.75;Lublin;Lublin
PL.77;Lesser Poland;Lesser Poland
PL.78;Mazovia;Mazovia
PL.80;Subcarpathia;Subcarpathia
PL.81;Podlasie;Podlasie
PL.84;Świętokrzyskie;Swietokrzyskie
PL.85;Warmia-Masuria;Warmia-Masuria
PL.72;Lower Silesia;Lower Silesia
PL.74;Łódź Voivodeship;Lodz Voivodeship
PL.76;Lubusz;Lubusz
PL.79;Opole Voivodeship;Opole Voivodeship
PL.82;Pomerania;Pomerania
PL.83;Silesia;Silesia
PL.86;Greater Poland;Greater Poland
PL.87;West Pomerania;West Pomerania
PL.73;Kujawsko-Pomorskie;Kujawsko-Pomorskie
PM.97502;Saint-Pierre;Saint-Pierre
PM.97501;Miquelon-Langlade;Miquelon-Langlade
PR.001;Adjuntas;Adjuntas
PR.003;Aguada;Aguada
PR.005;Aguadilla;Aguadilla
PR.007;Aguas Buenas;Aguas Buenas
PR.009;Aibonito;Aibonito
PR.011;Añasco;Anasco
PR.013;Arecibo;Arecibo
PR.015;Arroyo;Arroyo
PR.017;Barceloneta;Barceloneta
PR.019;Barranquitas;Barranquitas
PR.021;Bayamón;Bayamon
PR.023;Cabo Rojo;Cabo Rojo
PR.025;Caguas;Caguas
PR.027;Camuy;Camuy
PR.029;Canóvanas;Canovanas
PR.031;Carolina;Carolina
PR.033;Cataño;Catano
PR.035;Cayey;Cayey
PR.037;Ceiba;Ceiba
PR.039;Ciales;Ciales
PR.041;Cidra;Cidra
PR.043;Coamo;Coamo
PR.045;Comerío;Comerio
PR.047;Corozal;Corozal
PR.049;Culebra;Culebra
PR.051;Dorado;Dorado
PR.053;Fajardo;Fajardo
PR.054;Florida;Florida
PR.055;Guánica;Guanica
PR.057;Guayama;Guayama
PR.059;Guayanilla;Guayanilla
PR.061;Guaynabo;Guaynabo
PR.063;Gurabo;Gurabo
PR.065;Hatillo;Hatillo
PR.067;Hormigueros;Hormigueros
PR.069;Humacao;Humacao
PR.071;Isabela;Isabela
PR.073;Jayuya;Jayuya
PR.075;Juana Díaz;Juana Diaz
PR.077;Juncos;Juncos
PR.079;Lajas;Lajas
PR.081;Lares;Lares
PR.083;Las Marías;Las Marias
PR.085;Las Piedras;Las Piedras
PR.087;Loíza;Loiza
PR.089;Luquillo;Luquillo
PR.091;Manatí;Manati
PR.093;Maricao;Maricao
PR.095;Maunabo;Maunabo
PR.097;Mayagüez;Mayagueez
PR.099;Moca;Moca
PR.101;Morovis;Morovis
PR.103;Naguabo;Naguabo
PR.105;Naranjito;Naranjito
PR.107;Orocovis;Orocovis
PR.109;Patillas;Patillas
PR.111;Peñuelas;Penuelas
PR.113;Ponce;Ponce
PR.117;Rincón;Rincon
PR.115;Quebradillas;Quebradillas
PR.119;Río Grande;Rio Grande
PR.121;Sabana Grande;Sabana Grande
PR.123;Salinas;Salinas
PR.125;San Germán;San German
PR.127;San Juan;San Juan
PR.129;San Lorenzo;San Lorenzo
PR.131;San Sebastián;San Sebastian
PR.133;Santa Isabel;Santa Isabel
PR.135;Toa Alta;Toa Alta
PR.137;Toa Baja;Toa Baja
PR.139;Trujillo Alto;Trujillo Alto
PR.141;Utuado;Utuado
PR.143;Vega Alta;Vega Alta
PR.145;Vega Baja;Vega Baja
PR.149;Villalba;Villalba
PR.151;Yabucoa;Yabucoa
PR.153;Yauco;Yauco
PR.147;Vieques;Vieques
PS.GZ;Gaza Strip;Gaza Strip
PS.WE;West Bank;West Bank
PT.19;Setúbal;Setubal
PT.18;Santarém;Santarem
PT.16;Portalegre;Portalegre
PT.14;Lisbon;Lisbon
PT.13;Leiria;Leiria
PT.09;Faro;Faro
PT.08;Évora;Evora
PT.06;Castelo Branco;Castelo Branco
PT.03;Beja;Beja
PT.10;Madeira;Madeira
PT.22;Viseu;Viseu
PT.21;Vila Real;Vila Real
PT.20;Viana do Castelo;Viana do Castelo
PT.17;Porto;Porto
PT.11;Guarda;Guarda
PT.07;Coimbra;Coimbra
PT.05;Bragança;Braganca
PT.04;Braga;Braga
PT.02;Aveiro;Aveiro
PT.23;Azores;Azores
PW.11;Ngatpang;Ngatpang
PW.16;Sonsorol;Sonsorol
PW.05;Kayangel;Kayangel
PW.04;Hatohobei;Hatohobei
PW.01;Aimeliik;Aimeliik
PW.02;Airai;Airai
PW.03;Angaur;Angaur
PW.06;Koror;Koror
PW.07;Melekeok;Melekeok
PW.08;Ngaraard;Ngaraard
PW.12;Ngchesar;Ngchesar
PW.09;Ngarchelong;Ngarchelong
PW.10;Ngardmau;Ngardmau
PW.13;Ngeremlengui;Ngeremlengui
PW.14;Ngiwal;Ngiwal
PW.15;Peleliu;Peleliu
PY.17;San Pedro Department;San Pedro Department
PY.16;Presidente Hayes;Presidente Hayes
PY.15;Paraguarí;Paraguari
PY.13;Ñeembucú Department;Neembucu Department
PY.12;Misiones Department;Misiones Department
PY.11;Itapúa;Itapua
PY.10;Guairá;Guaira
PY.08;Cordillera Department;Cordillera Department
PY.07;Concepción;Concepcion
PY.06;Central Department;Central Department
PY.19;Canindeyú;Canindeyu
PY.05;Caazapá;Caazapa
PY.04;Caaguazú Department;Caaguazu Department
PY.02;Amambay Department;Amambay Department
PY.01;Alto Paraná Department;Alto Parana Department
PY.23;Alto Paraguay;Alto Paraguay
PY.22;Asuncion;Asuncion
PY.24;Boquerón Department;Boqueron Department
QA.08;Madinat ash Shamal;Madinat ash Shamal
QA.04;Al Khor;Al Khor
QA.09;Umm Salal;Umm Salal
QA.06;Baladiyat ar Rayyan;Baladiyat ar Rayyan
QA.01;Baladiyat ad Dawhah;Baladiyat ad Dawhah
QA.10;Al Wakrah;Al Wakrah
QA.13;Al Daayen;Al Daayen
QA.14;Al-Shahaniya;Al-Shahaniya
RE.RE;Reunion;Reunion
RO.40;Vrancea;Vrancea
RO.39;Vâlcea County;Valcea County
RO.38;Vaslui County;Vaslui County
RO.37;Tulcea County;Tulcea County
RO.36;Timiș County;Timis County
RO.35;Teleorman County;Teleorman County
RO.34;Suceava;Suceava
RO.33;Sibiu County;Sibiu County
RO.32;Satu Mare County;Satu Mare County
RO.31;Sălaj County;Salaj County
RO.30;Prahova;Prahova
RO.29;Olt;Olt
RO.28;Neamț County;Neamt County
RO.27;Mureș County;Mures County
RO.26;Mehedinți County;Mehedinti County
RO.25;Maramureş;Maramures
RO.23;Iași County;Iasi County
RO.22;Ialomița County;Ialomita County
RO.21;Hunedoara County;Hunedoara County
RO.20;Harghita County;Harghita County
RO.19;Gorj County;Gorj County
RO.42;Giurgiu County;Giurgiu County
RO.18;Galați County;Galati County
RO.17;Dolj;Dolj
RO.16;Dâmbovița County;Dambovita County
RO.15;Covasna County;Covasna County
RO.14;Constanța County;Constanta County
RO.13;Cluj County;Cluj County
RO.12;Caraș-Severin County;Caras-Severin County
RO.41;Călărași County;Calarasi County
RO.11;Buzău County;Buzau County
RO.10;Bucharest;Bucharest
RO.09;Brașov County;Brasov County
RO.08;Brăila County;Braila County
RO.07;Botoșani County;Botosani County
RO.06;Bistrița-Năsăud County;Bistrita-Nasaud County
RO.05;Bihor County;Bihor County
RO.04;Bacău County;Bacau County
RO.03;Arges;Arges
RO.02;Arad County;Arad County
RO.01;Alba County;Alba County
RO.43;Ilfov;Ilfov
RS.VO;Vojvodina;Vojvodina
RS.SE;Central Serbia;Central Serbia
RU.88;Yaroslavl Oblast;Yaroslavl Oblast
RU.86;Voronezh Oblast;Voronezh Oblast
RU.85;Vologda Oblast;Vologda Oblast
RU.84;Volgograd Oblast;Volgograd Oblast
RU.81;Ulyanovsk;Ulyanovsk
RU.80;Udmurtiya Republic;Udmurtiya Republic
RU.77;Tver Oblast;Tver Oblast
RU.76;Tula Oblast;Tula Oblast
RU.73;Tatarstan Republic;Tatarstan Republic
RU.72;Tambov Oblast;Tambov Oblast
RU.70;Stavropol Kray;Stavropol Kray
RU.69;Smolensk Oblast;Smolensk Oblast
RU.67;Saratov Oblast;Saratov Oblast
RU.65;Samara Oblast;Samara Oblast
RU.62;Ryazan Oblast;Ryazan Oblast
RU.61;Rostov;Rostov
RU.60;Pskov Oblast;Pskov Oblast
RU.90;Perm Krai;Perm Krai
RU.57;Penza Oblast;Penza Oblast
RU.56;Oryol oblast;Oryol oblast
RU.55;Orenburg Oblast;Orenburg Oblast
RU.52;Novgorod Oblast;Novgorod Oblast
RU.68;North Ossetia–Alania;North Ossetia-Alania
RU.50;Nenets;Nenets
RU.49;Murmansk;Murmansk
RU.48;Moscow;Moscow
RU.47;Moscow Oblast;Moscow Oblast
RU.46;Mordoviya Republic;Mordoviya Republic
RU.45;Mariy-El Republic;Mariy-El Republic
RU.43;Lipetsk Oblast;Lipetsk Oblast
RU.42;Leningradskaya Oblast';Leningradskaya Oblast'
RU.66;St.-Petersburg;St.-Petersburg
RU.41;Kursk Oblast;Kursk Oblast
RU.38;Krasnodar Krai;Krasnodar Krai
RU.37;Kostroma Oblast;Kostroma Oblast
RU.34;Komi;Komi
RU.33;Kirov Oblast;Kirov Oblast
RU.28;Karelia;Karelia
RU.27;Karachayevo-Cherkesiya Republic;Karachayevo-Cherkesiya Republic
RU.25;Kaluga Oblast;Kaluga Oblast
RU.24;Kalmykiya Republic;Kalmykiya Republic
RU.23;Kaliningrad Oblast;Kaliningrad Oblast
RU.22;Kabardino-Balkariya Republic;Kabardino-Balkariya Republic
RU.21;Ivanovo Oblast;Ivanovo Oblast
RU.19;Ingushetiya Republic;Ingushetiya Republic
RU.51;Nizhny Novgorod Oblast;Nizhny Novgorod Oblast
RU.17;Dagestan;Dagestan
RU.16;Chuvash Republic;Chuvash Republic
RU.12;Chechnya;Chechnya
RU.10;Bryansk Oblast;Bryansk Oblast
RU.09;Belgorod Oblast;Belgorod Oblast
RU.08;Bashkortostan Republic;Bashkortostan Republic
RU.07;Astrakhan Oblast;Astrakhan Oblast
RU.06;Arkhangelskaya;Arkhangelskaya
RU.01;Adygeya Republic;Adygeya Republic
RU.83;Vladimir Oblast;Vladimir Oblast
RU.87;Yamalo-Nenets;Yamalo-Nenets
RU.78;Tyumen Oblast;Tyumen Oblast
RU.79;Republic of Tyva;Republic of Tyva
RU.75;Tomsk Oblast;Tomsk Oblast
RU.71;Sverdlovsk Oblast;Sverdlovsk Oblast
RU.54;Omsk Oblast;Omsk Oblast
RU.53;Novosibirsk Oblast;Novosibirsk Oblast
RU.40;Kurgan Oblast;Kurgan Oblast
RU.91;Krasnoyarsk Krai;Krasnoyarsk Krai
RU.32;Khanty-Mansia;Khanty-Mansia
RU.31;Khakasiya Republic;Khakasiya Republic
RU.29;Kuzbass;Kuzbass
RU.03;Altai;Altai
RU.13;Chelyabinsk;Chelyabinsk
RU.04;Altai Krai;Altai Krai
RU.63;Sakha;Sakha
RU.59;Primorye;Primorye
RU.30;Khabarovsk;Khabarovsk
RU.20;Irkutsk Oblast;Irkutsk Oblast
RU.89;Jewish Autonomous Oblast;Jewish Autonomous Oblast
RU.05;Amur Oblast;Amur Oblast
RU.11;Buryatiya Republic;Buryatiya Republic
RU.64;Sakhalin Oblast;Sakhalin Oblast
RU.44;Magadan Oblast;Magadan Oblast
RU.92;Kamchatka;Kamchatka
RU.15;Chukotka;Chukotka
RU.93;Zabaykalskiy (Transbaikal) Kray;Zabaykalskiy (Transbaikal) Kray
RW.11;Eastern Province;Eastern Province
RW.12;Kigali;Kigali
RW.13;Northern Province;Northern Province
RW.14;Western Province;Western Province
RW.15;Southern Province;Southern Province
SA.19;Tabuk Region;Tabuk Region
SA.16;Najran Region;Najran Region
SA.14;Mecca Region;Mecca Region
SA.17;Jazan Region;Jazan Region
SA.13;Ha'il Region;Ha'il Region
SA.11;'Asir Region;'Asir Region
SA.06;Eastern Province;Eastern Province
SA.10;Riyadh Region;Riyadh Region
SA.08;Al-Qassim Region;Al-Qassim Region
SA.05;Medina Region;Medina Region
SA.20;Al Jawf Region;Al Jawf Region
SA.15;Northern Borders Region;Northern Borders Region
SA.02;Al Bahah Region;Al Bahah Region
SB.11;Western Province;Western Province
SB.03;Malaita Province;Malaita Province
SB.07;Isabel Province;Isabel Province
SB.06;Guadalcanal Province;Guadalcanal Province
SB.10;Central Province;Central Province
SB.09;Temotu Province;Temotu Province
SB.08;Makira-Ulawa Province;Makira-Ulawa Province
SB.12;Choiseul Province;Choiseul Province
SB.13;Rennell and Bellona Province;Rennell and Bellona Province
SB.14;Honiara;Honiara
SC.23;Takamaka;Takamaka
SC.22;Saint Louis;Saint Louis
SC.27;Port Glaud;Port Glaud
SC.20;Pointe La Rue;Pointe La Rue
SC.19;Plaisance;Plaisance
SC.18;Mont Fleuri;Mont Fleuri
SC.17;Mont Buxton;Mont Buxton
SC.26;La Rivière Anglaise;La Riviere Anglaise
SC.25;La Digue and Inner Islands;La Digue and Inner Islands
SC.24;Grand Anse Mahe;Grand Anse Mahe
SC.14;Grand Anse Praslin;Grand Anse Praslin
SC.12;Glacis;Glacis
SC.11;Cascade;Cascade
SC.10;Bel Ombre;Bel Ombre
SC.09;Bel Air;Bel Air
SC.08;Beau Vallon;Beau Vallon
SC.07;Baie Sainte Anne;Baie Sainte Anne
SC.06;Baie Lazare;Baie Lazare
SC.05;Anse Royale;Anse Royale
SC.03;Anse Etoile;Anse Etoile
SC.02;Anse Boileau;Anse Boileau
SC.01;Anse-aux-Pins;Anse-aux-Pins
SC.29;Les Mamelles;Les Mamelles
SC.30;Roche Caiman;Roche Caiman
SC.28;Au Cap;Au Cap
SC.11876017;Outer Islands;Outer Islands
SC.12200079;Ile Perseverance I;Ile Perseverance I
SC.12200080;Ile Perseverance II;Ile Perseverance II
SD.43;Northern State;Northern State
SD.29;Khartoum;Khartoum
SD.36;Red Sea;Red Sea
SD.38;Al Jazirah;Al Jazirah
SD.39;Al Qaḑārif;Al Qadarif
SD.41;White Nile;White Nile
SD.42;Blue Nile;Blue Nile
SD.47;Western Darfur;Western Darfur
SD.62;West Kordofan;West Kordofan
SD.49;Southern Darfur;Southern Darfur
SD.50;Southern Kordofan;Southern Kordofan
SD.52;Kassala;Kassala
SD.53;River Nile;River Nile
SD.55;Northern Darfur;Northern Darfur
SD.56;North Kordofan;North Kordofan
SD.58;Sennar;Sennar
SD.60;Eastern Darfur;Eastern Darfur
SD.61;Central Darfur;Central Darfur
SE.14;Norrbotten;Norrbotten
SE.25;Västmanland;Vaestmanland
SE.24;Västernorrland;Vaesternorrland
SE.23;Västerbotten;Vaesterbotten
SE.22;Värmland;Vaermland
SE.21;Uppsala;Uppsala
SE.26;Stockholm;Stockholm
SE.18;Södermanland;Soedermanland
SE.16;Östergötland;OEstergoetland
SE.15;Örebro;OErebro
SE.12;Kronoberg;Kronoberg
SE.10;Dalarna;Dalarna
SE.09;Kalmar;Kalmar
SE.08;Jönköping;Joenkoeping
SE.07;Jämtland;Jaemtland
SE.06;Halland;Halland
SE.05;Gotland;Gotland
SE.03;Gävleborg;Gaevleborg
SE.02;Blekinge;Blekinge
SE.27;Skåne;Skane
SE.28;Västra Götaland;Vaestra Goetaland
SH.01;Ascension;Ascension
SH.03;Tristan da Cunha;Tristan da Cunha
SH.02;Saint Helena;Saint Helena
SI.N5;Municipality of Žalec;Municipality of Zalec
SI.E7;Municipality of Zagorje ob Savi;Municipality of Zagorje ob Savi
SI.E5;Municipality of Vrhnika;Municipality of Vrhnika
SI.D5;Municipality of Tržič;Municipality of Trzic
SI.D4;Trebnje;Trebnje
SI.D3;Municipality of Trbovlje;Municipality of Trbovlje
SI.D2;Municipality of Tolmin;Municipality of Tolmin
SI.D7;Urban Municipality of Velenje;Urban Municipality of Velenje
SI.C5;Municipality of Šmarje pri Jelšah;Municipality of Smarje pri Jelsah
SI.C4;Municipality of Slovenske Konjice;Municipality of Slovenske Konjice
SI.L8;Municipality of Slovenska Bistrica;Municipality of Slovenska Bistrica
SI.C2;Urban Municipality of Slovenj Gradec;Urban Municipality of Slovenj Gradec
SI.B9;Škofja Loka;Skofja Loka
SI.B7;Municipality of Sežana;Municipality of Sezana
SI.B6;Municipality of Sevnica;Municipality of Sevnica
SI.L7;Sentjur;Sentjur
SI.L1;Municipality of Ribnica;Municipality of Ribnica
SI.A3;Radovljica;Radovljica
SI.A2;Municipality of Radlje ob Dravi;Municipality of Radlje ob Dravi
SI.K7;Urban Municipality of Ptuj;Urban Municipality of Ptuj
SI.94;Municipality of Postojna;Municipality of Postojna
SI.J9;Municipality of Piran;Municipality of Piran
SI.87;Municipality of Ormož;Municipality of Ormoz
SI.J7;Urban Municipality of Novo Mesto;Urban Municipality of Novo Mesto
SI.84;Urban Municipality of Nova Gorica;Urban Municipality of Nova Gorica
SI.80;Urban Municipality of Murska Sobota;Urban Municipality of Murska Sobota
SI.79;Municipality of Mozirje;Municipality of Mozirje
SI.73;Municipality of Metlika;Municipality of Metlika
SI.J2;Urban Municipality of Maribor;Urban Municipality of Maribor
SI.64;Logatec;Logatec
SI.I6;Ljutomer;Ljutomer
SI.I5;Municipality of Litija;Municipality of Litija
SI.I3;Municipality of Lenart;Municipality of Lenart
SI.57;Municipality of Laško;Municipality of Lasko
SI.54;Urban Municipality of Krško;Urban Municipality of Krsko
SI.52;Urban Municipality of Kranj;Urban Municipality of Kranj
SI.50;Urban Municipality of Koper;Urban Municipality of Koper
SI.H7;Municipality of Kočevje;Municipality of Kocevje
SI.H6;Municipality of Kamnik;Municipality of Kamnik
SI.H4;Municipality of Jesenice;Municipality of Jesenice
SI.40;Municipality of Izola;Municipality of Izola
SI.38;Municipality of Ilirska Bistrica;Municipality of Ilirska Bistrica
SI.36;Municipality of Idrija;Municipality of Idrija
SI.34;Municipality of Hrastnik;Municipality of Hrastnik
SI.32;Municipality of Grosuplje;Municipality of Grosuplje
SI.29;Municipality of Gornja Radgona;Municipality of Gornja Radgona
SI.25;Municipality of Dravograd;Municipality of Dravograd
SI.G7;Municipality of Domžale;Municipality of Domzale
SI.17;Municipality of Črnomelj;Municipality of Crnomelj
SI.13;Municipality of Cerknica;Municipality of Cerknica
SI.11;Urban Municipality of Celje;Urban Municipality of Celje
SI.08;Municipality of Brežice;Municipality of Brezice
SI.01;Municipality of Ajdovščina;Municipality of Ajdovscina
SI.35;Municipality of Hrpelje–Kozina;Municipality of Hrpelje-Kozina
SI.19;Municipality of Divača;Municipality of Divaca
SI.91;Pivka;Pivka
SI.I7;Municipality of Loška Dolina;Municipality of Loska Dolina
SI.66;Municipality of Loški Potok;Municipality of Loski Potok
SI.88;Municipality of Osilnica;Municipality of Osilnica
SI.D8;Municipality of Velike Lašče;Municipality of Velike Lasce
SI.C1;Municipality of Škofljica;Municipality of Skofljica
SI.37;Municipality of Ig;Municipality of Ig
SI.09;Municipality of Brezovica;Municipality of Brezovica
SI.05;Municipality of Borovnica;Municipality of Borovnica
SI.E1;Municipality of Vipava;Municipality of Vipava
SI.49;Municipality of Komen;Municipality of Komen
SI.J5;Municipality of Miren–Kostanjevica;Municipality of Miren-Kostanjevica
SI.07;Municipality of Brda;Municipality of Brda
SI.44;Municipality of Kanal ob Soči;Municipality of Kanal ob Soci
SI.F2;Municipality of Žiri;Municipality of Ziri
SI.14;Municipality of Cerkno;Municipality of Cerkno
SI.F1;Municipality of Železniki;Municipality of Zelezniki
SI.27;Municipality of Gorenja Vas–Poljane;Municipality of Gorenja Vas-Poljane
SI.G4;Municipality of Dobrova–Polhov Gradec;Municipality of Dobrova-Polhov Gradec
SI.46;Municipality of Kobarid;Municipality of Kobarid
SI.06;Municipality of Bovec;Municipality of Bovec
SI.04;Municipality of Bohinj;Municipality of Bohinj
SI.03;Municipality of Bled;Municipality of Bled
SI.82;Municipality of Naklo;Municipality of Naklo
SI.53;Municipality of Kranjska Gora;Municipality of Kranjska Gora
SI.K5;Municipality of Preddvor;Municipality of Preddvor
SI.12;Municipality of Cerklje na Gorenjskem;Municipality of Cerklje na Gorenjskem
SI.B2;Municipality of Šenčur;Municipality of Sencur
SI.E3;Municipality of Vodice;Municipality of Vodice
SI.71;Municipality of Medvode;Municipality of Medvode
SI.72;Municipality of Mengeš;Municipality of Menges
SI.22;Dol pri Ljubljani;Dol pri Ljubljani
SI.77;Municipality of Moravče;Municipality of Moravce
SI.30;Municipality of Gornji Grad;Municipality of Gornji Grad
SI.I9;Municipality of Luče;Municipality of Luce
SI.K8;Municipality of Ravne na Koroškem;Municipality of Ravne na Koroskem
SI.74;Municipality of Mežica;Municipality of Mezica
SI.81;Municipality of Muta;Municipality of Muta
SI.E6;Municipality of Vuzenica;Municipality of Vuzenica
SI.16;Municipality of Črna na Koroškem;Municipality of Crna na Koroskem
SI.62;Municipality of Ljubno;Municipality of Ljubno
SI.C7;Municipality of Šoštanj;Municipality of Sostanj
SI.C6;Municipality of Šmartno ob Paki;Municipality of Smartno ob Paki
SI.68;Lukovica;Lukovica
SI.99;Municipality of Radeče;Municipality of Radece
SI.39;Municipality of Ivančna Gorica;Municipality of Ivancna Gorica
SI.20;Municipality of Dobrepolje;Municipality of Dobrepolje
SI.B1;Municipality of Semič;Municipality of Semic
SI.B4;Municipality of Šentjernej;Municipality of Sentjernej
SI.B8;Municipality of Škocjan;Municipality of Skocjan
SI.C9;Municipality of Štore;Municipality of Store
SI.N3;Municipality of Vojnik;Municipality of Vojnik
SI.E2;Municipality of Vitanje;Municipality of Vitanje
SI.F3;Municipality of Zreče;Municipality of Zrece
SI.76;Municipality of Mislinja;Municipality of Mislinja
SI.L3;Municipality of Ruše;Municipality of Ruse
SI.55;Municipality of Kungota;Municipality of Kungota
SI.B3;Municipality of Šentilj;Municipality of Sentilj
SI.89;Pesnica;Pesnica
SI.26;Municipality of Duplek;Municipality of Duplek
SI.98;Municipality of Rače–Fram;Municipality of Race-Fram
SI.C8;Municipality of Starše;Municipality of Starse
SI.45;Municipality of Kidričevo;Municipality of Kidricevo
SI.J1;Municipality of Majšperk;Municipality of Majsperk
SI.N2;Municipality of Videm;Municipality of Videm
SI.A7;Municipality of Rogaška Slatina;Municipality of Rogaska Slatina
SI.A8;Municipality of Rogatec;Municipality of Rogatec
SI.92;Municipality of Podčetrtek;Municipality of Podcetrtek
SI.51;Municipality of Kozje;Municipality of Kozje
SI.28;Municipality of Gorišnica;Municipality of Gorisnica
SI.E9;Municipality of Zavrč;Municipality of Zavrc
SI.24;Municipality of Dornava;Municipality of Dornava
SI.42;Municipality of Juršinci;Municipality of Jursinci
SI.D1;Municipality of Sveti Jurij ob Ščavnici;Municipality of Sveti Jurij ob Scavnici
SI.A1;Municipality of Radenci;Municipality of Radenci
SI.97;Municipality of Puconci;Municipality of Puconci
SI.A6;Municipality of Rogašovci;Municipality of Rogasovci
SI.I2;Municipality of Kuzma;Municipality of Kuzma
SI.31;Municipality of Gornji Petrovci;Municipality of Gornji Petrovci
SI.78;Municipality of Moravske Toplice;Municipality of Moravske Toplice
SI.47;Municipality of Kobilje;Municipality of Kobilje
SI.02;Municipality of Beltinci;Municipality of Beltinci
SI.D6;Municipality of Turnišče;Municipality of Turnisce
SI.86;Municipality of Odranci;Municipality of Odranci
SI.15;Municipality of Črenšovci;Municipality of Crensovci
SI.83;Municipality of Nazarje;Municipality of Nazarje
SI.61;Ljubljana;Ljubljana
SI.N7;Municipality of Žirovnica;Municipality of Zirovnica
SI.H5;Municipality of Jezersko;Municipality of Jezersko
SI.M2;Municipality of Solčava;Municipality of Solcava
SI.H8;Komenda;Komenda
SI.H3;Municipality of Horjul;Municipality of Horjul
SI.L6;Municipality of Šempeter–Vrtojba;Municipality of Sempeter-Vrtojba
SI.F6;Municipality of Bloke;Municipality of Bloke
SI.M1;Municipality of Sodražica;Municipality of Sodrazica
SI.M8;Municipality of Trzin;Municipality of Trzin
SI.K6;Municipality of Prevalje;Municipality of Prevalje
SI.N4;Municipality of Vransko;Municipality of Vransko
SI.M5;Municipality of Tabor;Municipality of Tabor
SI.F7;Municipality of Braslovče;Municipality of Braslovce
SI.K3;Municipality of Polzela;Municipality of Polzela
SI.K4;Prebold;Prebold
SI.H9;Municipality of Kostel;Municipality of Kostel
SI.N8;Municipality of Žužemberk;Municipality of Zuzemberk
SI.G6;Dolenjske Toplice;Dolenjske Toplice
SI.J6;Municipality of Mirna Peč;Municipality of Mirna Pec
SI.F5;Municipality of Bistrica ob Sotli;Municipality of Bistrica ob Sotli
SI.G2;Municipality of Dobje;Municipality of Dobje
SI.G3;Dobrna;Dobrna
SI.J8;Municipality of Oplotnica;Municipality of Oplotnica
SI.K2;Municipality of Podvelka;Municipality of Podvelka
SI.L2;Municipality of Ribnica na Pohorju;Municipality of Ribnica na Pohorju
SI.I8;Municipality of Lovrenc na Pohorju;Municipality of Lovrenc na Pohorju
SI.L5;Municipality of Selnica ob Dravi;Municipality of Selnica ob Dravi
SI.H1;Municipality of Hoče–Slivnica;Municipality of Hoce-Slivnica
SI.J4;Municipality of Miklavž na Dravskem Polju;Municipality of Miklavz na Dravskem Polju
SI.G9;Hajdina;Hajdina
SI.N6;Municipality of Žetale;Municipality of Zetale
SI.K1;Municipality of Podlehnik;Municipality of Podlehnik
SI.J3;Municipality of Markovci;Municipality of Markovci
SI.G1;Destrnik;Destrnik
SI.M7;Municipality of Trnovska Vas;Municipality of Trnovska Vas
SI.M4;Municipality of Sveti Andraž v Slovenskih Goricah;Municipality of Sveti Andraz v Slovenskih Goricah
SI.F9;Municipality of Cerkvenjak;Municipality of Cerkvenjak
SI.F4;Municipality of Benedikt;Municipality of Benedikt
SI.M3;Municipality of Sveta Ana;Municipality of Sveta Ana
SI.I1;Municipality of Križevci;Municipality of Krizevci
SI.N1;Municipality of Veržej;Municipality of Verzej
SI.M9;Municipality of Velika Polana;Municipality of Velika Polana
SI.I4;Municipality of Lendava;Municipality of Lendava
SI.G5;Municipality of Dobrovnik;Municipality of Dobrovnik
SI.M6;Municipality of Tišina;Municipality of Tisina
SI.F8;Municipality of Cankova;Municipality of Cankova
SI.G8;Grad;Grad
SI.H2;Municipality of Hodoš;Municipality of Hodos
SI.K9;Municipality of Razkrižje;Municipality of Razkrizje
SI.L9;Municipality of Šmartno pri Litiji;Municipality of Smartno pri Litiji
SI.L4;Municipality of Šalovci;Municipality of Salovci
SI.N9;Municipality of Apače;Municipality of Apace
SI.O1;Municipality of Cirkulane;Municipality of Cirkulane
SI.O3;Municipality of Kostanjevica na Krki;Municipality of Kostanjevica na Krki
SI.O4;Log–Dragomer;Log-Dragomer
SI.O5;Municipality of Makole;Municipality of Makole
SI.O7;Municipality of Mokronog–Trebelno;Municipality of Mokronog-Trebelno
SI.O8;Municipality of Poljčane;Municipality of Poljcane
SI.O9;Municipality of Rečica ob Savinji;Municipality of Recica ob Savinji
SI.P1;Municipality of Renče–Vogrsko;Municipality of Rence-Vogrsko
SI.P4;Municipality of Središče ob Dravi;Municipality of Sredisce ob Dravi
SI.P5;Municipality of Straža;Municipality of Straza
SI.P6;Municipality of Sveta Trojica v Slovenskih Goricah;Municipality of Sveta Trojica v Slovenskih Goricah
SI.P8;Municipality of Sveti Tomaž;Municipality of Sveti Tomaz
SI.P2;Municipality of Šentrupert;Municipality of Sentrupert
SI.P3;Municipality of Šmarješke Toplice;Municipality of Smarjeske Toplice
SI.P7;Municipality of Sveti Jurij v Slovenskih Goricah;Municipality of Sveti Jurij v Slovenskih Goricah
SI.O2;Gorje;Gorje
SI.P9;Municipality of Ankaran;Municipality of Ankaran
SI.O6;Municipality of Mirna;Municipality of Mirna
SJ.22;Jan Mayen;Jan Mayen
SJ.21;Svalbard;Svalbard
SK.03;Košice Region;Kosice Region
SK.05;Prešov Region;Presov Region
SK.08;Žilina Region;Zilina Region
SK.01;Banská Bystrica Region;Banska Bystrica Region
SK.02;Bratislava Region;Bratislava Region
SK.04;Nitra Region;Nitra Region
SK.06;Trenčín Region;Trencin Region
SK.07;Trnava Region;Trnava Region
SL.04;Western Area;Western Area
SL.03;Southern Province;Southern Province
SL.02;Northern Province;Northern Province
SL.01;Eastern Province;Eastern Province
SL.05;North West;North West
SM.09;Serravalle;Serravalle
SM.02;Chiesanuova;Chiesanuova
SM.07;San Marino;San Marino
SM.01;Acquaviva;Acquaviva
SM.06;Borgo Maggiore;Borgo Maggiore
SM.03;Domagnano;Domagnano
SM.04;Faetano;Faetano
SM.05;Fiorentino;Fiorentino
SM.08;Montegiardino;Montegiardino
SN.12;Ziguinchor;Ziguinchor
SN.07;Thies;Thies
SN.05;Tambacounda;Tambacounda
SN.14;Saint-Louis;Saint-Louis
SN.15;Matam;Matam
SN.13;Louga;Louga
SN.11;Kolda;Kolda
SN.10;Kaolack;Kaolack
SN.09;Fatick;Fatick
SN.03;Diourbel Region;Diourbel Region
SN.01;Dakar;Dakar
SN.16;Kaffrine;Kaffrine
SN.17;Kedougou;Kedougou
SN.18;Sédhiou;Sedhiou
SO.20;Woqooyi Galbeed;Woqooyi Galbeed
SO.19;Togdheer;Togdheer
SO.14;Lower Shabeelle;Lower Shabeelle
SO.13;Middle Shabele;Middle Shabele
SO.12;Sanaag;Sanaag
SO.18;Nugaal;Nugaal
SO.10;Mudug;Mudug
SO.09;Lower Juba;Lower Juba
SO.08;Middle Juba;Middle Juba
SO.07;Hiiraan;Hiiraan
SO.06;Gedo;Gedo
SO.05;Galguduud;Galguduud
SO.04;Bay;Bay
SO.03;Bari;Bari
SO.02;Banaadir;Banaadir
SO.01;Bakool;Bakool
SO.21;Awdal;Awdal
SO.22;Sool;Sool
SR.19;Wanica District;Wanica District
SR.18;Sipaliwini District;Sipaliwini District
SR.17;Saramacca District;Saramacca District
SR.16;Paramaribo District;Paramaribo District
SR.15;Para District;Para District
SR.14;Nickerie District;Nickerie District
SR.13;Marowijne District;Marowijne District
SR.12;Coronie District;Coronie District
SR.11;Commewijne District;Commewijne District
SR.10;Brokopondo District;Brokopondo District
SS.07;Upper Nile;Upper Nile
SS.04;Lakes;Lakes
SS.06;Unity;Unity
SS.01;Central Equatoria;Central Equatoria
SS.10;Western Equatoria;Western Equatoria
SS.09;Western Bahr al Ghazal;Western Bahr al Ghazal
SS.03;Jonglei;Jonglei
SS.05;Northern Bahr al Ghazal;Northern Bahr al Ghazal
SS.02;Eastern Equatoria;Eastern Equatoria
SS.08;Warrap;Warrap
ST.02;São Tomé Island;Sao Tome Island
ST.01;Príncipe;Principe
SV.14;Usulutan;Usulutan
SV.13;Sonsonate Department;Sonsonate Department
SV.12;San Vicente Department;San Vicente Department
SV.11;Santa Ana Department;Santa Ana Department
SV.10;San Salvador Department;San Salvador Department
SV.09;San Miguel Department;San Miguel Department
SV.08;Morazan;Morazan
SV.07;La Union;La Union
SV.06;La Paz Department;La Paz Department
SV.05;La Libertad Department;La Libertad Department
SV.04;Cuscatlan;Cuscatlan
SV.03;Chalatenango Department;Chalatenango Department
SV.02;Cabanas;Cabanas
SV.01;Ahuachapan;Ahuachapan
SY.14;Tartus;Tartus
SY.13;Damascus Governorate;Damascus Governorate
SY.12;Idlib;Idlib
SY.11;Homs;Homs
SY.10;Hama;Hama
SY.09;Aleppo;Aleppo
SY.08;Rif-dimashq;Rif-dimashq
SY.07;Deir ez-Zor;Deir ez-Zor
SY.06;Daraa;Daraa
SY.05;Suwayda;Suwayda
SY.04;Raqqa;Raqqa
SY.03;Quneitra;Quneitra
SY.02;Latakia;Latakia
SY.01;Al-Hasakah;Al-Hasakah
SZ.04;Shiselweni;Shiselweni
SZ.03;Manzini Region;Manzini Region
SZ.02;Lubombo Region;Lubombo Region
SZ.01;Hhohho Region;Hhohho Region
TD.13;Salamat;Salamat
TD.12;Ouadaï;Ouadai
TD.02;Wadi Fira;Wadi Fira
TD.14;Tandjilé;Tandjile
TD.17;Moyen-Chari;Moyen-Chari
TD.16;Mayo-Kebbi Est;Mayo-Kebbi Est
TD.09;Logone Oriental;Logone Oriental
TD.08;Logone Occidental;Logone Occidental
TD.07;Lac;Lac
TD.06;Kanem;Kanem
TD.05;Guéra;Guera
TD.15;Chari-Baguirmi;Chari-Baguirmi
TD.01;Batha;Batha
TD.23;Borkou;Borkou
TD.18;Hadjer-Lamis;Hadjer-Lamis
TD.19;Mandoul;Mandoul
TD.20;Mayo-Kebbi Ouest;Mayo-Kebbi Ouest
TD.21;N’Djaména;N'Djamena
TD.22;Barh el Gazel;Barh el Gazel
TD.25;Sila;Sila
TD.26;Tibesti;Tibesti
TD.28;Ennedi-Ouest;Ennedi-Ouest
TD.27;Ennedi-Est;Ennedi-Est
TF.02;Crozet;Crozet
TF.03;Kerguelen;Kerguelen
TF.01;Saint-Paul-et-Amsterdam;Saint-Paul-et-Amsterdam
TF.05;Îles Éparses;Iles Eparses
TF.04;Terre-Adélie;Terre-Adelie
TG.26;Savanes;Savanes
TG.25;Plateaux;Plateaux
TG.24;Maritime;Maritime
TG.22;Centrale;Centrale
TG.23;Kara;Kara
TH.15;Uthai Thani;Uthai Thani
TH.65;Trang;Trang
TH.08;Tak;Tak
TH.60;Surat Thani;Surat Thani
TH.09;Sukhothai;Sukhothai
TH.52;Ratchaburi;Ratchaburi
TH.59;Ranong province;Ranong province
TH.57;Prachuap Khiri Khan;Prachuap Khiri Khan
TH.62;Phuket;Phuket
TH.56;Phetchaburi;Phetchaburi
TH.61;Phang Nga;Phang Nga
TH.01;Mae Hong Son;Mae Hong Son
TH.05;Lamphun;Lamphun
TH.06;Lampang;Lampang
TH.63;Krabi;Krabi
TH.50;Kanchanaburi;Kanchanaburi
TH.11;Kamphaeng Phet;Kamphaeng Phet
TH.58;Chumphon;Chumphon
TH.03;Chiang Rai;Chiang Rai
TH.02;Chiang Mai;Chiang Mai
TH.72;Yasothon;Yasothon
TH.70;Yala;Yala
TH.10;Uttaradit;Uttaradit
TH.49;Trat;Trat
TH.29;Surin;Surin
TH.51;Suphan Buri;Suphan Buri
TH.68;Songkhla;Songkhla
TH.30;Si Sa Ket;Si Sa Ket
TH.33;Sing Buri;Sing Buri
TH.67;Satun;Satun
TH.37;Saraburi;Saraburi
TH.54;Samut Songkhram;Samut Songkhram
TH.55;Samut Sakhon;Samut Sakhon
TH.42;Samut Prakan;Samut Prakan
TH.20;Sakon Nakhon;Sakon Nakhon
TH.25;Roi Et;Roi Et
TH.47;Rayong;Rayong
TH.36;Phra Nakhon Si Ayutthaya;Phra Nakhon Si Ayutthaya
TH.07;Phrae;Phrae
TH.12;Phitsanulok;Phitsanulok
TH.13;Phichit;Phichit
TH.14;Phetchabun;Phetchabun
TH.41;Phayao;Phayao
TH.66;Phatthalung;Phatthalung
TH.69;Pattani;Pattani
TH.39;Pathum Thani;Pathum Thani
TH.38;Nonthaburi;Nonthaburi
TH.17;Nong Khai;Nong Khai
TH.31;Narathiwat;Narathiwat
TH.04;Nan;Nan
TH.64;Nakhon Si Thammarat;Nakhon Si Thammarat
TH.16;Nakhon Sawan;Nakhon Sawan
TH.27;Nakhon Ratchasima;Nakhon Ratchasima
TH.73;Nakhon Phanom;Nakhon Phanom
TH.53;Nakhon Pathom;Nakhon Pathom
TH.43;Nakhon Nayok;Nakhon Nayok
TH.78;Mukdahan;Mukdahan
TH.24;Maha Sarakham;Maha Sarakham
TH.34;Lopburi;Lopburi
TH.18;Loei;Loei
TH.40;Bangkok;Bangkok
TH.22;Khon Kaen;Khon Kaen
TH.23;Kalasin;Kalasin
TH.46;Chon Buri;Chon Buri
TH.48;Chanthaburi;Chanthaburi
TH.26;Chaiyaphum;Chaiyaphum
TH.32;Chai Nat;Chai Nat
TH.44;Chachoengsao;Chachoengsao
TH.28;Buriram;Buriram
TH.35;Ang Thong;Ang Thong
TH.76;Udon Thani;Udon Thani
TH.74;Prachin Buri;Prachin Buri
TH.75;Ubon Ratchathani;Ubon Ratchathani
TH.77;Amnat Charoen;Amnat Charoen
TH.79;Nong Bua Lamphu;Nong Bua Lamphu
TH.80;Sa Kaeo;Sa Kaeo
TH.81;Bueng Kan;Bueng Kan
TJ.03;Sughd;Sughd
TJ.01;Gorno-Badakhshan;Gorno-Badakhshan
TJ.02;Khatlon Province;Khatlon Province
TJ.RR;Republican Subordination;Republican Subordination
TJ.04;Dushanbe;Dushanbe
TK.N;Nukunonu;Nukunonu
TK.F;Fakaofo;Fakaofo
TK.A;Atafu;Atafu
TL.VI;Viqueque;Viqueque
TL.MF;Manufahi;Manufahi
TL.MT;Manatuto;Manatuto
TL.LI;Liquiçá;Liquica
TL.LA;Lautém;Lautem
TL.CO;Cova Lima;Cova Lima
TL.ER;Ermera;Ermera
TL.DI;Dili Municipality;Dili Municipality
TL.BO;Bobonaro;Bobonaro
TL.BA;Baucau;Baucau
TL.OE;Oecusse;Oecusse
TL.AN;Ainaro;Ainaro
TL.AL;Aileu;Aileu
TM.02;Balkan;Balkan
TM.01;Ahal;Ahal
TM.S;Ashgabat;Ashgabat
TM.03;Dasoguz;Dasoguz
TM.05;Mary;Mary
TM.04;Lebap;Lebap
TN.37;Zaghouan Governorate;Zaghouan Governorate
TN.36;Tunis Governorate;Tunis Governorate
TN.35;Tozeur Governorate;Tozeur Governorate
TN.34;Tataouine;Tataouine
TN.23;Sousse Governorate;Sousse Governorate
TN.22;Siliana Governorate;Siliana Governorate
TN.33;Sidi Bouzid Governorate;Sidi Bouzid Governorate
TN.32;Sfax Governorate;Sfax Governorate
TN.31;Kebili Governorate;Kebili Governorate
TN.30;Gafsa;Gafsa
TN.29;Gabès Governorate;Gabes Governorate
TN.19;Nabeul Governorate;Nabeul Governorate
TN.28;Medenine Governorate;Medenine Governorate
TN.06;Jendouba Governorate;Jendouba Governorate
TN.27;Ben Arous Governorate;Ben Arous Governorate
TN.18;Bizerte Governorate;Bizerte Governorate
TN.17;Béja Governorate;Beja Governorate
TN.38;Ariana Governorate;Ariana Governorate
TN.03;Kairouan;Kairouan
TN.02;Kasserine Governorate;Kasserine Governorate
TN.16;Monastir Governorate;Monastir Governorate
TN.15;Mahdia Governorate;Mahdia Governorate
TN.14;Kef Governorate;Kef Governorate
TN.39;Manouba;Manouba
TO.03;Vavau;Vavau
TO.02;Tongatapu;Tongatapu
TO.01;Haapai;Haapai
TO.EU;ʻEua;'Eua
TO.NI;Niuas;Niuas
TR.66;Yozgat;Yozgat
TR.65;Van;Van
TR.64;Uşak;Usak
TR.63;Şanlıurfa;Sanliurfa
TR.62;Tunceli;Tunceli
TR.58;Sivas;Sivas
TR.74;Siirt;Siirt
TR.73;Niğde Province;Nigde Province
TR.50;Nevşehir Province;Nevsehir Province
TR.49;Muş;Mus
TR.48;Muğla;Mugla
TR.72;Mardin;Mardin
TR.45;Manisa;Manisa
TR.44;Malatya;Malatya
TR.43;Kütahya;Kuetahya
TR.71;Konya;Konya
TR.40;Kırşehir;Kirsehir
TR.38;Kayseri;Kayseri
TR.46;Kahramanmaraş;Kahramanmaras
TR.35;İzmir Province;Izmir Province
TR.33;Isparta;Isparta
TR.32;Mersin;Mersin
TR.31;Hatay;Hatay
TR.70;Hakkâri;Hakkari
TR.83;Gaziantep;Gaziantep
TR.26;Eskişehir;Eskisehir
TR.25;Erzurum;Erzurum
TR.24;Erzincan;Erzincan
TR.23;Elazığ;Elazig
TR.21;Diyarbakır Province;Diyarbakir Province
TR.20;Denizli;Denizli
TR.15;Burdur;Burdur
TR.13;Bitlis;Bitlis
TR.12;Bingöl;Bingoel
TR.11;Bilecik;Bilecik
TR.10;Balıkesir;Balikesir
TR.09;Aydın;Aydin
TR.07;Antalya;Antalya
TR.68;Ankara;Ankara
TR.04;Ağrı;Agri
TR.03;Afyonkarahisar Province;Afyonkarahisar Province
TR.02;Adıyaman Province;Adiyaman Province
TR.81;Adana;Adana
TR.91;Osmaniye;Osmaniye
TR.88;Iğdır;Igdir
TR.75;Aksaray;Aksaray
TR.76;Batman;Batman
TR.78;Karaman;Karaman
TR.79;Kırıkkale;Kirikkale
TR.80;Şırnak;Sirnak
TR.90;Kilis;Kilis
TR.85;Zonguldak Province;Zonguldak Province
TR.61;Trabzon;Trabzon
TR.60;Tokat Province;Tokat Province
TR.59;Tekirdağ;Tekirdag
TR.57;Sinop;Sinop
TR.55;Samsun;Samsun
TR.54;Sakarya;Sakarya
TR.53;Rize Province;Rize Province
TR.52;Ordu;Ordu
TR.41;Kocaeli;Kocaeli
TR.39;Kırklareli;Kirklareli
TR.37;Kastamonu;Kastamonu
TR.84;Kars Province;Kars Province
TR.34;Istanbul;Istanbul
TR.69;Gümüşhane Province;Guemueshane Province
TR.28;Giresun;Giresun
TR.22;Edirne;Edirne
TR.19;Çorum;Corum
TR.82;Çankırı;Cankiri
TR.17;Canakkale;Canakkale
TR.16;Bursa Province;Bursa Province
TR.14;Bolu;Bolu
TR.08;Artvin;Artvin
TR.05;Amasya;Amasya
TR.87;Bartın;Bartin
TR.89;Karabük Province;Karabuek Province
TR.92;Yalova;Yalova
TR.86;Ardahan;Ardahan
TR.77;Bayburt Province;Bayburt Province
TR.93;Düzce;Duzce
TT.11;Tobago;Tobago
TT.10;San Fernando;San Fernando
TT.05;Port of Spain;Port of Spain
TT.03;Mayaro;Mayaro
TT.01;Borough of Arima;Borough of Arima
TT.CHA;Chaguanas;Chaguanas
TT.CTT;Couva-Tabaquite-Talparo;Couva-Tabaquite-Talparo
TT.DMN;Diego Martin Regional Corporation;Diego Martin Regional Corporation
TT.PED;Penal/Debe;Penal/Debe
TT.PRT;Princes Town;Princes Town
TT.PTF;Point Fortin;Point Fortin
TT.SGE;Sangre Grande Regional Corporation;Sangre Grande Regional Corporation
TT.SIP;Siparia Regional Corporation;Siparia Regional Corporation
TT.SJL;San Juan/Laventille;San Juan/Laventille
TT.TUP;Tunapuna/Piarco;Tunapuna/Piarco
TV.NUI;Nui;Nui
TV.NMA;Nanumea;Nanumea
TV.FUN;Funafuti;Funafuti
TV.NIT;Niutao;Niutao
TV.NMG;Nanumanga;Nanumanga
TV.VAI;Vaitupu;Vaitupu
TV.NKF;Nukufetau;Nukufetau
TV.NKL;Nukulaelae;Nukulaelae
TW.01;Fukien;Fukien
TW.02;Takao;Takao
TW.03;Taipei;Taipei
TW.04;Taiwan;Taiwan
TZ.19;Kagera;Kagera
TZ.25;Zanzibar Urban/West;Zanzibar Urban/West
TZ.22;Zanzibar North;Zanzibar North
TZ.21;Zanzibar Central/South;Zanzibar Central/South
TZ.18;Tanga;Tanga
TZ.17;Tabora;Tabora
TZ.16;Singida;Singida
TZ.15;Shinyanga;Shinyanga
TZ.24;Rukwa;Rukwa
TZ.02;Pwani;Pwani
TZ.20;Pemba South;Pemba South
TZ.13;Pemba North;Pemba North
TZ.12;Mwanza;Mwanza
TZ.10;Morogoro;Morogoro
TZ.09;Mbeya;Mbeya
TZ.08;Mara;Mara
TZ.07;Lindi;Lindi
TZ.06;Kilimanjaro;Kilimanjaro
TZ.05;Kigoma;Kigoma
TZ.04;Iringa;Iringa
TZ.03;Dodoma;Dodoma
TZ.23;Dar es Salaam Region;Dar es Salaam Region
TZ.26;Arusha;Arusha
TZ.27;Manyara;Manyara
TZ.14;Ruvuma;Ruvuma
TZ.11;Mtwara;Mtwara
TZ.31;Simiyu;Simiyu
TZ.28;Geita;Geita
TZ.29;Katavi;Katavi
TZ.30;Njombe;Njombe
TZ.32;Songwe;Songwe
UA.27;Zhytomyr Oblast;Zhytomyr Oblast
UA.26;Zaporizhzhia;Zaporizhzhia
UA.25;Zakarpattia;Zakarpattia
UA.24;Volyn;Volyn
UA.23;Vinnytsia;Vinnytsia
UA.22;Ternopil;Ternopil
UA.21;Sumy;Sumy
UA.20;Sevastopol City;Sevastopol City
UA.19;Rivne Oblast;Rivne Oblast
UA.18;Poltava;Poltava
UA.17;Odesa;Odesa
UA.16;Mykolaiv;Mykolaiv
UA.15;Lviv;Lviv
UA.14;Luhansk;Luhansk
UA.13;Kyiv Oblast;Kyiv Oblast
UA.12;Kyiv City;Kyiv City
UA.11;Crimea;Crimea
UA.10;Kirovohrad;Kirovohrad
UA.09;Khmelnytskyi;Khmelnytskyi
UA.08;Kherson;Kherson
UA.07;Kharkiv;Kharkiv
UA.06;Ivano-Frankivsk;Ivano-Frankivsk
UA.05;Donetsk;Donetsk
UA.04;Dnipropetrovsk;Dnipropetrovsk
UA.03;Chernivtsi;Chernivtsi
UA.02;Chernihiv Oblast;Chernihiv Oblast
UA.01;Cherkasy;Cherkasy
UG.C;Central Region;Central Region
UG.E;Eastern Region;Eastern Region
UG.N;Northern Region;Northern Region
UG.W;Western Region;Western Region
UM.450;Wake Island;Wake Island
UM.350;Navassa Island;Navassa Island
UM.050;Baker Island;Baker Island
UM.100;Howland Island;Howland Island
UM.150;Jarvis Island;Jarvis Island
UM.200;Johnston Atoll;Johnston Atoll
UM.250;Kingman Reef;Kingman Reef
UM.300;Midway Islands;Midway Islands
UM.400;Palmyra Atoll;Palmyra Atoll
US.AR;Arkansas;Arkansas
US.DC;District of Columbia;District of Columbia
US.DE;Delaware;Delaware
US.FL;Florida;Florida
US.GA;Georgia;Georgia
US.KS;Kansas;Kansas
US.LA;Louisiana;Louisiana
US.MD;Maryland;Maryland
US.MO;Missouri;Missouri
US.MS;Mississippi;Mississippi
US.NC;North Carolina;North Carolina
US.OK;Oklahoma;Oklahoma
US.SC;South Carolina;South Carolina
US.TN;Tennessee;Tennessee
US.TX;Texas;Texas
US.WV;West Virginia;West Virginia
US.AL;Alabama;Alabama
US.CT;Connecticut;Connecticut
US.IA;Iowa;Iowa
US.IL;Illinois;Illinois
US.IN;Indiana;Indiana
US.ME;Maine;Maine
US.MI;Michigan;Michigan
US.MN;Minnesota;Minnesota
US.NE;Nebraska;Nebraska
US.NH;New Hampshire;New Hampshire
US.NJ;New Jersey;New Jersey
US.NY;New York;New York
US.OH;Ohio;Ohio
US.RI;Rhode Island;Rhode Island
US.VT;Vermont;Vermont
US.WI;Wisconsin;Wisconsin
US.CA;California;California
US.CO;Colorado;Colorado
US.NM;New Mexico;New Mexico
US.NV;Nevada;Nevada
US.UT;Utah;Utah
US.AZ;Arizona;Arizona
US.ID;Idaho;Idaho
US.MT;Montana;Montana
US.ND;North Dakota;North Dakota
US.OR;Oregon;Oregon
US.SD;South Dakota;South Dakota
US.WA;Washington;Washington
US.WY;Wyoming;Wyoming
US.HI;Hawaii;Hawaii
US.AK;Alaska;Alaska
US.KY;Kentucky;Kentucky
US.MA;Massachusetts;Massachusetts
US.PA;Pennsylvania;Pennsylvania
US.VA;Virginia;Virginia
UY.19;Treinta y Tres Department;Treinta y Tres Department
UY.18;Tacuarembó Department;Tacuarembo Department
UY.17;Soriano;Soriano
UY.16;San José Department;San Jose Department
UY.15;Salto Department;Salto Department
UY.14;Rocha Department;Rocha Department
UY.13;Rivera Department;Rivera Department
UY.12;Río Negro Department;Rio Negro Department
UY.11;Paysandú Department;Paysandu Department
UY.10;Montevideo Department;Montevideo Department
UY.09;Maldonado;Maldonado
UY.08;Lavalleja;Lavalleja
UY.07;Florida;Florida
UY.06;Flores Department;Flores Department
UY.05;Durazno Department;Durazno Department
UY.04;Colonia;Colonia
UY.03;Cerro Largo;Cerro Largo
UY.02;Canelones;Canelones
UY.01;Artigas;Artigas
UZ.09;Karakalpakstan;Karakalpakstan
UZ.12;Surxondaryo Region;Surxondaryo Region
UZ.10;Samarqand Region;Samarqand Region
UZ.08;Qashqadaryo;Qashqadaryo
UZ.02;Bukhara;Bukhara
UZ.14;Tashkent Region;Tashkent Region
UZ.13;Tashkent;Tashkent
UZ.16;Sirdaryo Region;Sirdaryo Region
UZ.07;Navoiy Region;Navoiy Region
UZ.06;Namangan;Namangan
UZ.05;Xorazm Region;Xorazm Region
UZ.15;Jizzakh Region;Jizzakh Region
UZ.03;Fergana;Fergana
UZ.01;Andijan Region;Andijan Region
VC.05;Saint Patrick Parish;Saint Patrick Parish
VC.04;Saint George Parish;Saint George Parish
VC.03;Saint David Parish;Saint David Parish
VC.02;Saint Andrew Parish;Saint Andrew Parish
VC.06;Grenadines Parish;Grenadines Parish
VC.01;Charlotte Parish;Charlotte Parish
VE.23;Zulia;Zulia
VE.22;Yaracuy;Yaracuy
VE.21;Trujillo;Trujillo
VE.20;Táchira;Tachira
VE.19;Sucre;Sucre
VE.18;Portuguesa;Portuguesa
VE.17;Nueva Esparta;Nueva Esparta
VE.16;Monagas;Monagas
VE.15;Miranda;Miranda
VE.14;Mérida;Merida
VE.13;Lara;Lara
VE.12;Guárico;Guarico
VE.24;Dependencias Federales;Dependencias Federales
VE.25;Distrito Federal;Distrito Federal
VE.11;Falcón;Falcon
VE.09;Delta Amacuro;Delta Amacuro
VE.08;Cojedes;Cojedes
VE.07;Carabobo;Carabobo
VE.06;Bolívar;Bolivar
VE.05;Barinas;Barinas
VE.04;Aragua;Aragua
VE.03;Apure;Apure
VE.02;Anzoátegui;Anzoategui
VE.01;Amazonas;Amazonas
VE.26;Vargas;Vargas
VI.010;Saint Croix Island;Saint Croix Island
VI.020;Saint John Island;Saint John Island
VI.030;Saint Thomas Island;Saint Thomas Island
VN.40;Nghệ An Province;Nghe An Province
VN.46;Thừa Thiên Huế Province;Thua Thien Hue Province
VN.38;Thanh Hóa Province;Thanh Hoa Province
VN.14;Sơn La Province;Son La Province
VN.22;Quảng Ninh;Quang Ninh
VN.20;Lạng Sơn Province;Lang Son Province
VN.12;Lai Châu Province;Lai Chau Province
VN.42;Hà Tĩnh Province;Ha Tinh Province
VN.01;Hanoi;Hanoi
VN.04;Cao Bằng Province;Cao Bang Province
VN.11;Điện Biên Province;GJien Bien Province
VN.15;Lao Cai;Lao Cai
VN.19;Thai Nguyen;Thai Nguyen
VN.24;Bac Ninh;Bac Ninh
VN.25;Phu Tho;Phu Tho
VN.31;Hai Phong;Hai Phong
VN.33;Hưng Yên Province;Hung Yen Province
VN.37;Ninh Binh;Ninh Binh
VN.44;Quang Tri;Quang Tri
VN.48;Da Nang City;Da Nang City
VN.51;Quang Ngai;Quang Ngai
VN.52;Gia Lai;Gia Lai
VN.56;Khanh Hoa;Khanh Hoa
VN.66;Dak Lak;Dak Lak
VN.68;Lam Dong;Lam Dong
VN.75;Dong Nai;Dong Nai
VN.79;Ho Chi Minh City (HCMC);Ho Chi Minh City (HCMC)
VN.80;Tay Ninh;Tay Ninh
VN.82;Dong Thap;Dong Thap
VN.86;Vinh Long;Vinh Long
VN.91;An Giang;An Giang
VN.92;Can Tho City;Can Tho City
VN.96;Ca Mau;Ca Mau
VN.08;Tuyen Quang;Tuyen Quang
VU.15;Tafea;Tafea
VU.13;Sanma;Sanma
VU.07;Torba;Torba
VU.16;Malampa;Malampa
VU.17;Penama;Penama
VU.18;Shefa;Shefa
WF.98613;Uvea;Uvea
WF.98612;Sigave;Sigave
WF.98611;Alo;Alo
WS.11;Vaisigano;Vaisigano
WS.06;Va'a-o-Fonoti;Va'a-o-Fonoti
WS.10;Tuamasaga;Tuamasaga
WS.09;Satupa'itea;Satupa'itea
WS.08;Palauli;Palauli
WS.07;Gaga'ifomauga;Gaga'ifomauga
WS.05;Gaga'emauga;Gaga'emauga
WS.04;Fa'asaleleaga;Fa'asaleleaga
WS.03;Atua;Atua
WS.02;Aiga-i-le-Tai;Aiga-i-le-Tai
WS.01;A'ana;A'ana
XK.10096138;Ferizaj;Ferizaj
XK.10096859;Gjakova;Gjakova
XK.10097357;Gjilan;Gjilan
XK.10097358;Mitrovica;Mitrovica
XK.10097359;Pec;Pec
XK.10097360;Pristina;Pristina
XK.10097361;Prizren;Prizren
YE.25;Ta‘izz;Ta'izz
YE.05;Shabwah;Shabwah
YE.16;Sanaa Governorate;Sanaa Governorate
YE.15;Şa‘dah;Sa'dah
YE.27;Raymah;Raymah
YE.14;Ma’rib;Ma'rib
YE.10;Al Mahwit Governorate;Al Mahwit Governorate
YE.21;Al Jawf;Al Jawf
YE.04;Muhafazat Hadramaout;Muhafazat Hadramaout
YE.11;Dhamār;Dhamar
YE.03;Al Mahrah Governorate;Al Mahrah Governorate
YE.08;Al Hudaydah;Al Hudaydah
YE.20;Al Bayda;Al Bayda
YE.02;Aden;Aden
YE.01;Abyan Governorate;Abyan Governorate
YE.18;Aḑ Ḑāli‘;Ad Dali'
YE.19;Omran;Omran
YE.22;Ḩajjah;Hajjah
YE.23;Ibb Governorate;Ibb Governorate
YE.24;Laḩij;Lahij
YE.26;Amanat Alasimah;Amanat Alasimah
YE.28;Soqatra;Soqatra
YT.97601;Acoua;Acoua
YT.97602;Bandraboua;Bandraboua
YT.97603;Bandrele;Bandrele
YT.97604;Bouéni;Boueni
YT.97605;Chiconi;Chiconi
YT.97606;Chirongui;Chirongui
YT.97607;Dembeni;Dembeni
YT.97608;Dzaoudzi;Dzaoudzi
YT.97609;Kani-Kéli;Kani-Keli
YT.97610;Koungou;Koungou
YT.97611;Mamoudzou;Mamoudzou
YT.97612;Mtsamboro;Mtsamboro
YT.97613;M'Tsangamouji;M'Tsangamouji
YT.97614;Ouangani;Ouangani
YT.97615;Pamandzi;Pamandzi
YT.97616;Sada;Sada
YT.97617;Tsingoni;Tsingoni
ZA.03;Free State;Free State
ZA.02;KwaZulu-Natal;KwaZulu-Natal
ZA.05;Eastern Cape;Eastern Cape
ZA.06;Gauteng;Gauteng
ZA.07;Mpumalanga;Mpumalanga
ZA.08;Northern Cape;Northern Cape
ZA.09;Limpopo;Limpopo
ZA.10;North West;North West
ZA.11;Western Cape;Western Cape
ZM.01;Western Province;Western Province
ZM.07;Southern Province;Southern Province
ZM.06;North-Western;North-Western
ZM.05;Northern Province;Northern Province
ZM.09;Lusaka Province;Lusaka Province
ZM.04;Luapula Province;Luapula Province
ZM.03;Eastern Province;Eastern Province
ZM.08;Copperbelt;Copperbelt
ZM.02;Central Province;Central Province
ZM.10;Muchinga;Muchinga
ZW.02;Midlands Province;Midlands Province
ZW.07;Matabeleland South Province;Matabeleland South Province
ZW.06;Matabeleland North;Matabeleland North
ZW.08;Masvingo Province;Masvingo Province
ZW.05;Mashonaland West;Mashonaland West
ZW.04;Mashonaland East Province;Mashonaland East Province
ZW.03;Mashonaland Central;Mashonaland Central
ZW.01;Manicaland;Manicaland
ZW.09;Bulawayo;Bulawayo
ZW.10;Harare;Harare
